src,dst,predictions
14,15,0.063533022
13,9,0.995414853
9,10,0
10,11,0
5,8,0
9,0,0
0,16,0.381846679
15,8,0.381846679
6,9,0
16,3,0
11,4,0
3,9,0
9,12,0.279487111
14,2,0.279487111
8,17,2.79E-08
15,17,2.79E-08
18,17,0
5,10,0
7,11,0.013830486
15,18,0
6,0,0
10,4,0.998035848
3,18,1.48E-19
0,7,1.48E-19
19,17,0.495848712
0,10,0.495848712
13,17,1.81E-27
17,19,1.81E-27
9,14,0
11,15,0
1,9,0.001571533
1,13,0
6,5,0
14,9,0
0,6,0
12,17,0.975671232
9,19,0.049067152
6,11,0.004466285
0,1,0.355156662
3,11,0.355156662
16,8,0.053597719
19,11,0.263480877
10,13,0.263480877
8,7,0.968988836
4,7,0.022547554
8,1,5.30E-24
19,4,5.30E-24
9,11,0
7,3,0
3,11,0.318449805
17,9,0.318449805
4,7,0.286310911
7,9,0.286310911
10,9,0.191132756
10,16,0.191132756
12,16,0
12,10,0
13,1,0.408344902
17,9,0.408344902
15,1,0.00474768
10,4,0
4,16,0
18,15,0.06007328
10,14,0.142388395
6,13,0.142388395
11,9,0
1,13,0
6,8,0.000288193
2,16,0.000288193
9,16,0.079993607
10,9,0
8,18,0
16,13,0.28830723
10,8,0.28830723
11,14,0.821514726
7,12,0
19,15,0
1,2,0.055563964
16,8,2.94E-21
15,2,2.94E-21
5,1,0
17,2,0
18,13,3.89E-20
12,6,3.89E-20
13,6,0.145030863
3,10,0.145030863
11,7,1.82E-07
2,14,1.82E-07
19,4,0.945112586
10,8,0
10,13,0
16,6,0.051515049
11,18,0.052531257
7,18,6.28E-31
5,1,6.28E-31
19,17,0.050498404
19,18,6.94E-32
13,11,6.94E-32
5,9,0.00180752
1,17,0
10,17,0
17,9,0.272092118
18,5,0.272092118
0,1,0.297476217
2,0,0.297476217
9,15,0.114638606
14,1,0.114638606
19,2,0.036145484
19,6,0
17,9,0
1,4,0.997613013
0,4,0.002256254
7,16,0
15,17,0
0,7,5.11E-12
18,1,5.11E-12
10,5,3.90E-30
17,9,3.90E-30
4,5,0.001012202
15,12,0.093079339
7,18,0.071989762
12,10,0.799318969
11,14,0.11693351
16,9,0.089917652
16,19,0.057039448
0,16,0
19,10,0
14,19,0.276897161
12,2,0.276897161
5,4,0.012463521
8,0,0
9,17,0
12,9,0.004032796
4,6,0.004032796
1,18,0.325376925
6,3,0.325376925
14,7,0
9,13,0
9,2,0.245752512
10,0,0.245752512
6,10,0.22780188
10,11,0.22780188
4,13,0
15,1,0
8,10,0
0,4,0
10,2,0.054887327
14,9,0
11,18,0
14,3,0.036944861
19,3,1.87E-11
3,13,1.87E-11
18,0,0.054572309
17,1,0.006497113
5,10,0.091126734
9,8,1.74E-18
1,2,1.74E-18
11,5,0
11,1,0
17,11,0.073832867
12,15,0
14,19,0
16,3,0.662866056
2,16,0
16,19,0
17,13,0
13,1,0
1,4,0
19,17,0
6,16,0
7,15,0
9,11,0.304697871
9,12,0.217401146
8,12,0.217401146
6,16,6.73E-27
16,18,6.73E-27
3,2,0.055982638
4,16,4.30E-06
9,1,4.30E-06
8,3,1.36E-20
19,4,1.36E-20
19,2,0
11,0,0
5,14,0
5,11,0
14,11,0.050775486
13,5,1.07E-06
7,15,1.07E-06
2,17,0.083704588
14,3,0.078061814
17,14,0
10,15,0
9,18,0.491386862
11,10,0.491386862
19,15,0.162972909
14,12,0.162972909
9,19,0.007978696
4,16,0
1,16,0
19,4,0.455237627
3,4,0.013567653
15,4,0.173604712
6,11,0.173604712
4,16,0.376239768
17,6,0.376239768
7,16,0.182740294
16,7,0.182740294
11,2,0.388645189
2,8,0.388645189
8,3,0.001567841
0,16,0.481545751
7,11,0.481545751
14,0,0.070024683
0,15,0.001441412
10,15,0.116190145
10,14,0.116190145
6,7,0.097015632
13,6,0.172430431
17,5,0.172430431
3,13,6.74E-16
8,0,6.74E-16
1,15,0.077242323
14,2,0
17,14,0
6,18,0.251139398
13,17,0.251139398
5,10,7.86E-17
17,4,7.86E-17
9,7,0.03583272
5,19,0
19,18,0
8,7,0
1,17,0
0,9,0
5,13,0
9,17,0
18,2,0
4,13,0
17,3,0
6,16,0
5,1,0
13,4,0
14,8,0
6,5,0.000124982
3,0,0.000124982
7,19,0.000188951
9,14,0.000188951
9,13,0.753568411
15,6,0.001015672
7,16,2.60E-07
18,11,2.60E-07
14,0,0.420122582
10,2,0.420122582
18,10,5.63E-09
9,13,5.63E-09
2,14,0.163961115
13,6,0.163961115
9,0,0
0,5,0
18,3,0
0,10,0
15,10,0
15,9,0
16,6,0
16,17,0
7,10,0.025483241
6,15,0.401763013
14,6,0.401763013
15,1,0
4,7,0
4,13,0
10,0,0
7,2,0.002715039
15,6,0.050750352
9,18,0
14,15,0
17,18,0.07500666
2,4,0.030125726
13,14,0
4,16,0
19,13,2.70E-10
8,0,2.70E-10
5,12,0
13,11,0
11,12,0
15,19,0
6,17,0
12,15,0
18,8,0
10,2,0
17,2,0
13,17,0
4,2,0.388798944
10,15,0.388798944
19,15,0
16,8,0
2,11,0.007155842
4,6,0.628435731
16,17,0.237366039
14,4,0.237366039
15,7,5.07E-28
11,6,5.07E-28
9,12,0
0,19,0
18,0,0
2,13,0
17,12,0
19,0,0
8,18,0.914230943
13,5,3.30E-08
4,16,3.30E-08
9,4,0.204094162
0,2,0.204094162
2,15,0
7,16,0
2,19,0.908174098
13,0,0
7,13,0
4,16,0
19,17,0
8,2,0
19,12,0
13,11,0
4,18,0
18,2,0.028949291
3,10,0
5,15,0
10,13,0
14,1,0
1,15,0
11,7,0
14,18,0.05636391
1,5,0
19,6,0
5,11,0.201159855
16,11,0.201159855
7,16,0.382466154
14,15,0.382466154
2,13,0.211605337
2,18,0.211605337
2,14,0.001207194
5,12,0.093960279
14,1,0
8,4,0
18,8,0
2,5,0
6,15,0
8,16,0
2,11,0
19,14,0
15,0,0.187068494
8,12,0.187068494
1,3,0.108755579
1,19,0.108755579
19,8,3.28E-26
18,1,3.28E-26
19,11,0
18,10,0
9,5,0.07954032
9,18,0.09914564
6,10,0.291418983
0,14,0.291418983
4,12,0
4,19,0
17,7,0.077918754
1,2,0.147755316
2,12,0.147755316
5,2,0.082819123
10,0,1.25E-18
3,1,1.25E-18
4,13,0.050365565
19,8,0
6,16,0
12,9,2.07E-09
17,4,2.07E-09
0,16,0.932918847
4,13,0.014808528
2,9,8.01E-15
14,3,8.01E-15
18,5,0
5,17,0
14,19,0
19,4,0
15,9,0
5,2,0
19,15,0
0,2,0
16,15,0.795530915
10,0,0.98704493
6,0,1
15,6,0
8,15,0
15,10,0
7,9,0
10,18,0
19,14,0
13,4,0.326148689
16,3,0.002636985
16,19,0.002636985
6,15,0.255938561
2,7,0.255938561
2,19,4.77E-07
0,2,4.77E-07
4,8,0.002862098
13,3,0.002862098
10,11,0
1,10,0
14,4,6.86E-32
5,18,6.86E-32
1,19,0
0,4,0
12,8,0
6,15,0
17,8,0.938604593
1,12,0
9,12,0
12,15,0.955539823
6,15,6.20E-16
10,11,6.20E-16
19,11,0.058288879
14,5,0.049620903
1,6,0.199554968
8,1,0.199554968
2,7,0.153612491
11,4,0.153612491
0,19,0.00112125
13,9,0.173777953
9,17,0.173777953
8,12,0.234744046
6,10,0.234744046
13,10,8.54E-28
6,2,8.54E-28
10,7,1.35E-26
13,11,1.35E-26
4,7,0
16,5,0
4,17,0
15,9,0
9,8,0.326889829
8,0,0.326889829
10,18,0.083402847
11,16,0.223342099
19,3,0.223342099
1,18,0.081641934
14,8,1.04E-09
11,2,1.04E-09
14,1,0.221486931
14,13,0.221486931
6,15,0.001947516
7,3,0
8,2,0
1,7,0.366888475
19,13,0.366888475
11,10,0.934048951
6,12,0.279606262
4,11,0.279606262
4,1,3.33E-14
15,16,3.33E-14
3,17,0
18,0,0
2,6,0
14,17,0
17,8,0
1,0,0
13,3,0.002002155
18,8,0
9,10,0
19,4,2.20E-18
15,5,2.20E-18
2,7,0.010100356
9,12,0
10,15,0
6,9,1
4,19,0
0,13,0
9,2,0
19,2,0
10,18,0
19,1,0
19,1,0
0,5,0
1,15,1.57E-23
18,0,1.57E-23
8,11,2.08E-17
3,7,2.08E-17
5,11,0
8,4,0
1,9,1.62E-14
7,3,1.62E-14
12,6,0.001391976
17,15,0
1,16,0
10,16,0.001387486
17,6,0.002536586
9,8,0.164224592
19,12,0.164224592
9,19,0.93614012
0,13,3.10E-31
10,9,3.10E-31
6,2,0
15,18,0
6,10,0.315492565
13,17,0.315492565
9,7,0
12,11,0
0,6,1.07E-22
18,1,1.07E-22
5,0,0.387553184
12,2,0.387553184
14,1,0.105639709
16,8,0.105639709
17,3,0.791331053
18,10,7.32E-08
19,9,7.32E-08
8,12,0.221885537
2,1,0.221885537
6,5,0
4,15,0
1,15,0
15,12,0
18,19,0.001291777
0,9,9.05E-05
14,9,9.05E-05
0,8,0.001402613
6,2,0
16,4,0
3,15,0.980704963
8,3,3.74E-15
2,14,3.74E-15
0,16,0
11,9,0
10,5,0.112949354
5,2,0.112949354
7,3,0.1035526
2,16,0.1035526
5,9,0.997163415
8,9,0.468016136
1,12,0.468016136
1,2,0.438183866
18,16,0.438183866
9,18,0
9,4,0
5,18,0
4,3,0
19,4,0.41131035
14,19,0.41131035
14,7,0.695037305
1,18,0.357749115
14,13,0.357749115
1,6,0.066792272
13,3,0
16,3,0
2,3,0.989169121
2,16,0.106919069
8,7,0.106919069
18,14,0
4,15,0
17,13,0.175315596
9,10,0.175315596
18,15,0.356665201
7,15,0.356665201
1,14,1.39E-12
9,3,1.39E-12
6,1,0
13,16,0
9,18,1.07E-06
5,16,1.07E-06
0,9,0
19,0,0
11,9,0.035501125
9,13,0.074631913
14,13,1.07E-21
19,9,1.07E-21
0,11,0
13,0,0
3,13,0
8,10,0
19,10,0.300669111
14,6,0.300669111
6,14,0
12,18,0
19,8,0.001373679
7,16,0
10,12,0
12,13,0.990928769
19,12,0.370827154
1,5,0.370827154
12,16,0
17,1,0
6,6,0.302171742
18,19,0.302171742
7,17,0.083234976
13,5,0.284169888
17,12,0.284169888
8,16,0.010968217
15,5,0.169669292
2,15,0.169669292
6,10,6.38E-32
18,0,6.38E-32
12,11,0
9,2,0
0,3,0.048977621
2,16,0.057055331
18,14,0.106259024
17,15,0.106259024
12,6,0.053136049
6,10,0.004958699
13,14,0
4,5,0
3,7,0
12,7,0
18,3,0
19,9,0
12,13,0.090952596
8,18,0
7,14,0
14,15,4.92E-19
9,19,4.92E-19
10,3,0.061382569
0,16,1.92E-19
15,2,1.92E-19
3,2,0.241116679
9,13,0.241116679
16,14,0.441570592
10,8,0.441570592
8,19,0
13,9,0
11,8,0
3,0,0
12,7,0
6,13,0
7,15,0
4,18,0
18,14,0.067548937
17,1,0
4,13,0
7,4,0
13,7,0
14,8,0.757433534
17,11,0.03187895
17,10,0.371124595
14,10,0.371124595
7,11,2.63E-18
7,16,2.63E-18
18,4,6.79E-18
2,5,6.79E-18
2,3,8.52E-11
11,12,8.52E-11
18,6,0.069344649
13,3,0
9,7,0
10,18,0.149824118
18,15,0.149824118
3,12,0
0,14,0
18,3,0.009061911
10,8,0.044651326
1,16,1.64E-17
8,14,1.64E-17
11,17,0.157836548
4,12,0.157836548
13,16,0
1,7,0
17,18,0
3,7,0
1,13,0.004701506
18,0,0
12,18,0
8,16,0
17,1,0
13,8,0
12,1,0
7,1,0.46375065
15,17,0.46375065
6,10,0.05676721
2,6,0
12,2,0
11,8,0.034882756
5,0,0
13,9,0
0,5,1.39E-27
9,4,1.39E-27
15,18,0
13,6,0
6,7,0.126351151
19,15,0.126351151
12,8,0.157499046
11,10,0.157499046
16,18,0
0,13,0
11,7,0.007930247
2,5,0
3,0,0
10,7,1.24E-25
6,9,1.24E-25
18,19,0.031174011
19,1,0
1,16,0
0,19,0
7,2,0
17,13,0.073729083
4,19,0.294396392
3,15,0.294396392
10,14,0
7,11,0
16,19,0.075133721
11,3,0
3,12,0
13,3,0.018571113
14,15,0.018571113
1,17,0
8,4,0
16,4,0.225563606
3,14,0.225563606
6,17,0.066846597
15,13,0.988531351
7,11,0
3,7,0
12,5,0.231226042
14,5,0
3,13,0
2,17,4.44E-14
13,3,4.44E-14
2,9,0
1,4,0
1,15,0
11,10,0
7,9,0.027324146
0,0,0
2,4,0
11,8,0.927646279
7,10,0.271671102
14,11,0.271671102
8,2,0
4,12,0
4,2,2.02E-13
5,16,2.02E-13
9,13,0.19486052
18,14,0.19486052
0,10,0.051234436
12,14,0
15,4,0
11,4,0.315742916
10,4,0.315742916
6,5,0
13,12,0
16,6,0
19,7,0
10,2,0
4,17,0
12,7,0
1,19,0
8,2,0.911259949
10,6,0
8,17,0
14,17,0.008936388
12,2,0.008936388
15,0,0.064366631
17,11,0.000348779
18,3,0.000348779
8,2,0.001165823
9,6,0.98924315
3,4,0.346760673
17,7,0.346760673
16,6,0.004260562
19,11,0
6,12,0
4,14,0.018931034
13,7,0.006637791
13,7,0.218476067
16,1,0.218476067
12,14,0.027977032
9,13,0.027977032
1,6,0.053800428
17,8,0.30341596
12,5,0.30341596
13,1,0
15,1,0
11,15,0.438543851
9,16,0.438543851
12,13,2.92E-17
3,8,2.92E-17
14,8,0
3,0,0
19,10,0.035798326
6,12,0
15,7,0
12,9,0
16,13,0
1,7,0.261927227
3,7,0.261927227
19,17,0
14,6,0
18,6,0.057414395
6,3,0
11,2,0
5,1,0
1,14,0
6,18,0
7,3,0
16,6,0
14,11,0
2,6,0.144621692
17,6,0.144621692
17,8,0.250385288
16,2,0.250385288
4,15,0.081528617
7,14,0
5,10,0
2,3,0
6,14,0
17,19,2.26E-21
14,3,2.26E-21
5,0,0.997215986
19,4,0
15,5,0
14,5,0.07329481
3,9,0
11,0,0
0,8,0
18,4,0
8,11,0.085276167
14,10,0.13779437
17,11,0.13779437
19,10,0.090822048
11,12,0.179564595
8,19,0.179564595
11,13,0.170646294
17,12,0.170646294
13,8,0.000739604
14,2,0.000739604
8,18,0.985487521
6,7,0
16,11,0
6,11,0
6,4,0
12,18,0.477914
0,13,0.477914
18,17,1.06E-08
4,17,1.06E-08
0,8,0
3,17,0
0,3,0
2,12,0
9,10,0
8,0,0
9,10,0.470983534
16,7,0.470983534
10,1,0.053559834
2,16,2.09E-06
14,2,2.09E-06
8,15,0.025417006
0,6,0
12,5,0
1,6,1.46E-28
11,6,1.46E-28
10,2,0.308573944
6,4,0.308573944
2,7,0.166719998
17,16,0.166719998
3,9,0
17,13,0
19,5,0.029381086
19,7,0.085337699
5,9,0
16,18,0
19,5,2.84E-14
17,12,2.84E-14
14,13,0.065626962
6,3,0
18,16,0
12,18,0.000405548
10,17,0.000405548
14,17,0.41382428
13,1,0.41382428
5,9,0.187961879
12,9,0.187961879
0,9,0.950731754
13,6,0
2,12,0
13,19,0.074611569
7,5,0.072481748
12,18,0.23243473
15,13,0.23243473
1,3,8.39E-21
1,16,8.39E-21
16,18,0.085513352
8,19,0
12,16,0
18,6,0.156910683
15,8,0.156910683
17,15,0
19,13,0
17,6,3.46E-32
0,15,3.46E-32
17,9,0
11,17,0
6,0,0.073408725
13,16,0.013993109
0,5,0.502807438
1,5,0.131104796
8,4,0.131104796
8,7,0
8,6,0
5,4,0.924084067
16,6,0
16,8,0
19,8,0.205119723
15,17,0.205119723
11,9,0.924802721
10,18,0.00109228
1,3,0.00109228
16,19,0.317631144
18,15,0.317631144
7,10,0
19,17,0
0,12,0.235185624
0,9,0.235185624
13,7,0
2,4,0
14,1,0.070855574
11,2,1.13E-28
5,8,1.13E-28
3,2,0
3,5,0
5,12,0
5,4,0
7,15,0.00155573
3,17,0.11690909
15,17,0.11690909
7,2,0
11,13,0
19,0,0
16,1,0
12,3,0
17,14,0
0,11,0
7,17,0
3,2,0.004290831
4,3,0.0042298
17,8,0
4,19,0
9,11,3.42E-13
7,18,3.42E-13
18,8,0.996322453
11,17,0.001669231
15,3,1.99E-30
14,18,1.99E-30
8,0,0
0,11,0
13,17,0.139169235
7,19,0.139169235
11,10,0
12,4,0
12,9,0.004152035
14,5,0.004152035
16,14,1.16E-17
0,2,1.16E-17
10,8,0.301009277
6,4,0.301009277
15,18,0.324320223
18,16,0.324320223
1,4,2.53E-26
7,15,2.53E-26
5,13,0.259682856
17,16,0.259682856
10,6,0.070202375
1,8,0.003553973
14,15,0.029672236
9,13,0
8,9,0
13,18,0.060512772
8,15,0
19,18,0
8,15,0.199975708
15,1,0.199975708
4,17,0.956764817
4,10,0
4,14,0
10,0,0.346344081
19,6,0.346344081
15,16,0
19,11,0
18,11,0
8,18,0
0,14,0.275913038
16,12,0.275913038
4,18,0.090034082
13,0,0.153299057
8,15,0.153299057
0,10,0.033129252
11,8,0
3,7,0
18,2,0.070465647
17,4,0.034600416
0,1,0.021802727
10,9,1.47E-18
9,6,1.47E-18
16,18,0.023769354
17,19,0.023769354
16,8,0.018813078
3,12,0.995148063
1,13,0
11,2,0
12,14,0
13,7,0
6,12,0
15,9,0
3,5,1.17E-06
5,0,1.17E-06
2,13,0.032530013
12,6,0
0,19,0
1,17,0.995229423
2,1,0.222177492
12,16,0.222177492
3,17,1.21E-32
12,16,1.21E-32
2,10,0.240170484
16,19,0.240170484
8,14,0.041064774
7,9,0.033386383
15,9,0.12091489
6,5,0.12091489
16,12,1.35E-07
4,16,1.35E-07
12,7,0.907106936
17,5,0
11,2,0
18,3,0
3,2,0
17,1,0
12,11,0
19,18,5.59E-15
3,16,5.59E-15
12,13,0
9,10,0
5,16,2.12E-07
15,12,2.12E-07
15,8,0.337230158
2,1,0.337230158
14,17,0.107762484
16,11,0.107762484
12,4,0.085641557
8,7,0
16,10,0
2,17,2.22E-12
9,12,2.22E-12
5,10,7.93E-08
19,12,7.93E-08
15,5,1.28E-07
3,5,1.28E-07
0,6,0.16907783
6,10,0.16907783
16,19,0.371830218
15,10,0.371830218
10,8,0
6,0,0
1,15,5.47E-20
1,2,5.47E-20
3,11,0.460804207
5,14,0.460804207
11,7,0
8,7,0
15,0,0.005468092
8,17,0.965924084
0,18,3.82E-19
19,15,3.82E-19
8,16,0.067165412
10,2,0
1,10,0
8,18,0.336057099
13,4,0.336057099
0,14,0.002597099
3,5,0.437332754
6,13,0.437332754
10,2,0.204652635
1,4,0.204652635
11,2,0
3,12,0
10,6,9.71E-10
13,7,9.71E-10
4,8,0.183936747
9,15,0.183936747
3,9,0.163279023
5,3,0.163279023
10,16,0.264043163
3,17,0.264043163
4,12,0
17,12,0
9,0,0.935230017
13,7,0
2,10,0
9,1,0
1,8,0
10,1,0.001302584
19,8,0.074025162
11,10,0.870045543
8,11,0.987853587
3,2,0.082330705
10,18,0.025225709
15,14,0
16,14,0
6,7,0.336474797
7,2,0.336474797
7,18,0.185756158
1,4,0.185756158
4,12,0.312036398
10,3,0.312036398
0,2,1.01E-05
0,1,1.01E-05
17,0,0
19,1,0
16,15,0.984701097
14,16,0.030944159
17,5,0
16,2,0
19,16,0.029280627
0,14,0.013977255
3,7,0.030963827
1,3,0.063868712
13,11,0
2,13,0
10,9,0.658328593
5,15,0
10,0,0
18,17,0.003765098
2,8,0.184284683
12,6,0.184284683
7,12,0.001067557
12,1,0
8,6,0
16,5,1.25E-10
7,15,1.25E-10
6,5,0
16,7,0
9,11,0.002921702
3,18,0.001032856
10,11,0.224679301
16,13,0.224679301
19,15,0
9,0,0
12,4,0.990881503
11,13,0
17,7,0
12,8,0.036185629
13,17,0.485857396
0,4,0.485857396
16,19,0.00921185
18,19,0.00921185
13,2,9.35E-19
10,5,9.35E-19
19,3,0.169368432
7,5,0.169368432
7,13,0.161291377
11,18,0.161291377
1,16,0.072584749
2,8,0.164995581
9,16,0.164995581
16,7,0.590761542
13,1,0.179439396
1,15,0.795786083
12,11,0.28433057
19,9,0.28433057
12,18,0
13,3,0
6,18,0.057831331
2,1,1.22E-08
13,2,1.22E-08
9,4,0
12,9,0
16,12,0.002900691
4,11,0.099293051
14,1,0
3,2,0
2,19,0
9,19,0
3,2,0
8,7,0
7,10,0.859845102
5,16,0.113155864
19,6,7.45E-05
18,14,7.45E-05
15,5,0.448283361
1,2,0.448283361
8,15,5.35E-14
0,2,5.35E-14
15,14,0.154647729
0,16,0.154647729
15,11,0.153852307
3,15,0.153852307
17,15,0
1,5,0
7,11,0.058982038
7,4,0
3,11,0
3,17,0
16,5,0
7,12,0.226318036
18,11,0.226318036
10,19,0.120288249
10,11,0.120288249
8,3,0.168649524
17,9,0.473486347
16,12,0.473486347
1,14,0.151148997
8,19,0.151148997
1,15,0
14,11,0
13,16,0.472461135
17,14,0.472461135
3,13,0
2,10,0
1,17,0.370684342
18,8,0.370684342
17,14,0.003485085
4,12,0
17,18,0
9,5,0.004756102
16,12,0.004756102
3,18,0.062671577
5,7,0.361017213
8,4,0.361017213
16,18,0
4,8,0
18,7,0
2,17,0
4,14,0.922176182
13,4,0.172321466
19,4,0.172321466
12,4,0.947167397
11,2,0.018531875
12,11,0
17,10,0
11,5,0.290215074
9,5,0.290215074
6,16,0.239419649
8,2,0.239419649
4,19,0
7,15,0
18,12,0.054500957
4,16,0.001403442
2,12,6.87E-05
15,0,6.87E-05
8,10,0
5,11,0
14,2,0.01524558
0,8,0.243804025
8,7,0.243804025
3,11,0.312259886
10,8,0.312259886
3,13,0.521249354
15,6,4.97E-20
10,2,4.97E-20
8,12,6.16E-31
4,1,6.16E-31
17,11,0.496176886
2,8,0.496176886
11,18,0.007393913
12,18,0
7,4,0
18,3,5.94E-13
12,10,5.94E-13
9,18,0
4,9,0
1,6,0.064985926
7,0,0
1,11,0
13,18,0.258920394
16,13,0.258920394
14,4,0.001056165
15,19,0.001056165
14,6,1.65E-09
5,2,1.65E-09
17,14,0
15,9,0
19,5,0
12,3,0
6,1,0.334278593
0,13,0.334278593
6,11,2.12E-20
10,4,2.12E-20
11,15,3.12E-23
13,12,3.12E-23
15,3,0.27259349
18,6,0.27259349
12,2,0.970936239
16,10,0
0,3,0
2,5,0.288872684
8,0,0.288872684
3,9,0
8,4,0
17,5,0
19,12,0
10,8,0.114412003
14,16,0.114412003
15,19,0.001628606
15,10,0.24633616
6,13,0.24633616
3,19,0.053833475
3,6,0.254824874
19,5,0.254824874
10,1,5.93E-13
3,6,5.93E-13
10,5,0.317256141
7,15,0.317256141
15,19,0
16,17,0
0,10,0
13,5,0
9,16,3.20E-28
19,0,3.20E-28
10,19,0.298911327
11,19,0.298911327
18,11,0.05512228
8,9,0.050707014
7,17,1.94E-11
12,9,1.94E-11
14,8,3.40E-05
16,15,3.40E-05
15,14,0.236346663
14,3,0.236346663
9,12,0.265871582
18,4,0.265871582
13,19,0
14,5,0
11,8,0.178806717
8,13,0.178806717
12,6,0
13,15,0
11,17,0.183335113
9,4,0.183335113
13,16,0
9,7,0
10,17,0.34909285
17,14,0.34909285
6,15,0.265849056
19,1,0.265849056
15,1,0.004094857
11,19,0
7,8,0
13,4,0.310905016
8,16,0.310905016
7,4,0.191497762
11,17,0.191497762
16,19,0.269102884
6,5,0.269102884
8,17,6.19E-22
2,11,6.19E-22
12,19,0
6,10,0
12,3,0.059076909
17,13,0.162985842
13,6,0.162985842
7,14,0
16,8,0
1,4,0.058516258
3,7,0
11,5,0
17,11,8.80E-14
11,10,8.80E-14
2,4,0.935607076
9,18,0.332391908
17,5,0.332391908
11,2,5.19E-17
12,15,5.19E-17
19,12,0.046796463
13,5,9.45E-10
0,1,9.45E-10
16,13,0.948833704
14,15,0
18,17,0
0,14,0.974694312
18,13,0.141965967
3,14,0.141965967
3,12,0.058432843
12,3,0.131662033
5,19,0.131662033
15,4,0.02508432
6,12,0.19714782
10,12,0.19714782
7,17,0.234414372
6,4,0.234414372
9,14,0.214094034
9,5,0.214094034
7,10,0.035206129
2,15,0.083321688
15,8,1.02E-23
13,15,1.02E-23
6,13,0
6,11,0
2,12,0.052740198
16,11,3.79E-22
1,5,3.79E-22
12,6,0.974681377
11,16,0.05328971
0,12,1.71E-13
5,13,1.71E-13
10,8,3.79E-18
9,18,3.79E-18
10,4,0.166515063
9,14,0.166515063
16,7,0
17,11,0
17,12,0
5,8,0
14,1,0.055113621
17,15,0.027262071
8,19,6.86E-17
7,10,6.86E-17
15,18,0
17,9,0
11,4,0.064460524
18,2,0.160902287
12,6,0.160902287
6,19,0.482595759
10,0,0.482595759
6,10,0.001534651
9,12,0
8,10,0
14,1,0
2,16,0
16,19,0
16,9,0
10,13,0.269557553
8,14,0.269557553
2,1,5.76E-21
15,11,5.76E-21
16,18,0
17,4,0
16,13,1.63E-10
8,12,1.63E-10
7,0,0.068973553
19,14,0
16,8,0
4,13,0.008284417
19,16,0.006695305
2,16,0.006695305
12,19,0.002328141
6,11,0.226036602
19,16,0.226036602
19,9,0.163174424
15,19,0.163174424
10,0,0
1,16,0
6,16,3.85E-09
16,12,3.85E-09
5,10,0.054459518
13,9,0.10202163
8,17,0.10202163
14,19,0.000287609
1,3,0.000287609
11,6,3.88E-15
13,9,3.88E-15
17,12,0
5,6,0
15,12,2.86E-14
11,6,2.86E-14
12,16,0
8,5,0
3,14,0.271866505
19,1,0.271866505
1,13,0.772437274
3,13,0.257665932
4,2,0.257665932
9,13,0
10,0,0
4,16,0.296722777
10,8,0.296722777
6,0,0.354166667
6,19,0.354166667
2,1,0.001856685
12,8,0.001856685
16,3,0
12,19,0
15,2,0
3,17,0
18,8,1.86E-32
15,11,1.86E-32
12,19,0.02289777
0,10,0
12,14,0
12,4,0.079419184
3,12,0.069138571
2,14,0
8,17,0
7,16,0
15,5,0
14,3,1.42E-22
15,16,1.42E-22
2,10,0
9,7,0
13,12,0
18,4,0
5,8,0.430920714
8,16,0.430920714
8,5,0.716427743
12,0,0.051356916
13,9,0.180974424
0,14,0
3,14,0
15,5,0
7,14,0
19,2,0
15,16,0
14,7,0.005345094
18,19,1.69E-07
5,8,1.69E-07
16,4,0.104544582
13,9,0.104544582
1,15,0.297592516
7,13,0.297592516
11,7,3.01E-16
7,13,3.01E-16
6,19,0.306800677
12,13,0.306800677
0,10,0.496311288
0,17,0.496311288
18,5,0
9,11,0
19,7,2.91E-26
5,6,2.91E-26
9,0,0.133332767
5,12,0.133332767
5,12,0.14742263
1,19,0.14742263
15,14,0.044884826
19,9,0
8,16,0
4,3,0.003275441
19,8,0.356686272
4,0,0.356686272
14,10,0.147620682
7,3,0.147620682
18,7,0
16,13,0
5,17,0
8,5,0
4,8,0.969311893
14,7,0
13,5,0
7,1,0.330002309
9,19,0.330002309
19,17,0.935911834
10,15,0
1,11,0
12,19,2.13E-25
10,18,2.13E-25
9,2,1.61E-23
1,5,1.61E-23
4,13,0.265433453
5,4,0.265433453
2,9,0.571610928
19,14,1.44E-20
18,16,1.44E-20
2,10,0.0934019
16,10,0
10,9,0
2,19,0
1,6,0
10,5,0.119613054
17,3,0.119613054
5,15,6.31E-06
15,10,6.31E-06
18,2,0.140830977
15,9,0.140830977
19,0,0
19,0,0
0,16,0.197587782
16,12,0.197587782
18,18,0.301023887
1,6,0.301023887
6,9,0.956557035
14,13,0
8,13,0
19,17,0
7,13,0
6,15,0.165261663
2,0,0.165261663
14,13,0
3,15,0
10,4,0.008119369
4,0,0
12,4,0
14,13,0.012105175
14,11,0
10,5,0
4,14,0
5,11,0
14,9,0
7,0,0
16,0,0.190781706
7,17,0.190781706
14,2,0
10,16,0
5,1,0.003121911
7,3,0.072643982
14,11,0.714955688
15,9,0.070289789
14,16,0
10,4,0
2,8,0
7,17,0
13,9,1.55E-29
10,17,1.55E-29
7,18,0.454961235
2,16,0.454961235
9,0,0.491870165
8,10,0
7,9,0
14,8,0.433445308
12,7,0.433445308
16,9,0
12,11,0
12,6,8.42E-09
18,5,8.42E-09
14,11,2.05E-32
17,8,2.05E-32
14,10,0.021750655
9,18,0.090504342
14,16,5.58E-12
18,16,5.58E-12
6,4,5.04E-27
9,5,5.04E-27
3,1,0.053418946
13,0,0.247523218
12,1,0.247523218
5,9,0.032447355
7,10,0.275074242
16,1,0.275074242
6,2,0.321370055
7,17,0.321370055
6,19,0.165869787
13,18,0.165869787
14,16,0.355382217
14,12,0.355382217
8,9,0.16896904
13,16,0.16896904
15,19,0
7,3,0
7,16,4.95E-05
1,19,4.95E-05
9,0,0.186371602
9,2,0.186371602
5,17,0
5,12,0
18,4,6.09E-10
8,17,6.09E-10
0,9,0.380122568
4,10,0.380122568
17,1,0
17,0,0
5,17,0.012161678
15,19,0.999999821
12,16,0.975038469
10,6,1.03E-18
17,19,1.03E-18
11,12,0
10,0,0
19,4,1.73E-09
12,2,1.73E-09
3,15,0.011912441
15,17,0
18,0,0
15,19,0.004087037
0,5,0.494612323
4,17,0.494612323
15,14,0.074699449
16,6,0
7,12,0
3,1,0
9,16,0
14,6,0.183305747
0,12,0.183305747
8,12,0
13,6,0
1,18,0
4,18,0
11,17,0.175671696
3,0,0.175671696
12,1,0.044660283
18,16,0.205223987
18,4,0.205223987
4,14,0.051177994
13,15,0
13,19,0
2,14,0.012612164
15,19,4.39E-08
10,11,4.39E-08
7,17,0.001059858
8,17,0.015363138
2,16,0.015363138
12,1,0
0,16,0
14,6,0
10,4,0
16,6,0.324677851
11,2,0.324677851
1,12,0
16,7,0
8,14,0.072943185
18,4,1.70E-31
18,12,1.70E-31
18,13,0.284694863
10,18,0.284694863
4,12,0
2,8,0
2,10,0.001416618
9,0,0.071160408
12,5,0.970891476
3,12,0
1,17,0
4,12,0
8,14,0
15,18,9.71E-19
18,2,9.71E-19
12,17,1.08E-15
14,3,1.08E-15
19,9,0
7,6,0
3,16,0.070635026
15,0,2.98E-22
9,18,2.98E-22
16,19,0.227857483
8,3,0.227857483
8,11,0.142785415
17,8,0.142785415
16,1,0
1,4,0
11,17,2.86E-30
3,14,2.86E-30
11,1,1.01E-29
9,10,1.01E-29
1,12,0.017419312
17,19,0.017419312
11,18,0.346301153
9,19,0.346301153
7,1,0.400889228
8,6,0.400889228
15,19,0.494133681
7,4,0.494133681
9,12,0.38561158
19,7,0.38561158
11,12,6.57E-10
15,9,6.57E-10
1,2,0.001525191
6,17,0
16,9,0
14,4,0.101276819
8,6,0.101276819
16,7,0
6,13,0
12,17,1.29E-32
16,17,1.29E-32
19,7,0.071793806
11,6,0.442144334
17,1,0
19,2,0
6,4,0.753013432
9,7,0
5,15,0
11,8,0.051932104
6,16,0
12,9,0
15,3,0.010654941
1,9,0.002875902
4,6,0
14,19,0
18,13,2.42E-24
11,12,2.42E-24
9,11,0.05124833
13,19,0.320709863
6,11,0.320709863
15,8,0.414222915
12,19,0.414222915
3,7,0.077121286
17,8,0.925774634
6,15,0.00988837
18,3,0
15,6,0
17,0,0
7,1,0
11,14,0.95211184
2,4,4.65E-32
17,9,4.65E-32
8,7,0
12,19,0
3,1,0.05302371
3,7,0.127077205
9,7,0.127077205
3,2,0.000310139
15,7,0.000310139
14,15,0
16,9,0
6,2,2.17E-09
12,16,2.17E-09
18,4,1.59E-17
13,16,1.59E-17
1,0,0.075397897
15,18,0
8,11,0
10,6,0
12,17,0
3,12,6.13E-29
14,18,6.13E-29
1,2,6.13E-14
5,16,6.13E-14
13,14,0.270407734
11,7,0.270407734
4,9,0.896671236
13,6,7.18E-11
12,4,7.18E-11
18,17,8.75E-20
6,15,8.75E-20
13,11,0
5,11,0
11,15,0.076412121
6,0,0
7,3,0
5,11,0.101987585
14,15,0.101987585
17,19,0.307815522
11,4,0.272481266
7,15,0.272481266
7,1,0.99593097
16,1,0.350210466
15,12,0.350210466
7,10,0
7,2,0
13,11,0.060878141
19,9,1.86E-28
10,2,1.86E-28
19,16,0
8,11,0
19,0,0.007984617
15,13,0
14,11,0
7,0,0.422334637
12,9,0.422334637
11,9,0
2,18,0
19,0,0.093015522
3,15,0.023918947
14,16,0
9,13,0
12,8,0
4,16,0
11,18,1.38E-12
1,19,1.38E-12
9,0,0
8,2,0
13,2,0.062601939
19,9,0.011401635
3,18,0
4,0,0
15,13,0.220889458
19,18,0.220889458
8,18,0.991594076
12,5,0.009741038
1,17,0.994226992
19,1,0.118386546
14,10,0.118386546
12,11,0.153568122
8,12,0.153568122
10,11,0.105124389
8,3,0.105124389
8,2,0
2,7,0
14,10,4.00E-09
15,2,4.00E-09
12,15,0
19,11,0
0,14,0.583845794
11,17,0.467506703
19,6,0.467506703
13,12,0.194824665
17,15,0.194824665
8,4,0.054740446
15,18,4.57E-11
4,17,4.57E-11
1,18,2.55E-30
6,19,2.55E-30
15,19,0.058994545
9,18,0
9,5,0
4,15,0.097501419
5,19,0.050601311
19,0,0
18,17,0
3,1,0.001101449
15,19,0.001533343
12,17,0.997565925
17,10,0
18,16,0
3,11,0
14,8,0
19,11,0.053037686
1,5,0
5,12,0
11,16,2.30E-07
5,9,2.30E-07
5,18,4.92E-15
14,19,4.92E-15
0,18,1.89E-24
8,1,1.89E-24
17,7,0.125466173
4,13,0.125466173
1,11,0
14,13,0
19,18,0
2,1,0
3,14,0.36373848
14,12,0.36373848
6,14,0.029012846
5,10,0.0165365
4,6,0
3,19,0
19,10,0.260672881
10,4,0.260672881
17,1,0
8,10,0
19,14,0.967896581
14,19,0
3,9,0
9,0,0.214092201
1,15,0.214092201
19,6,1.26E-16
3,19,1.26E-16
18,8,0.022600727
9,6,0.022600727
17,10,0.408842316
6,18,0.408842316
9,14,0.001726706
3,10,0.88742733
15,7,0.142839752
8,12,0.142839752
12,13,0.059534237
7,1,0.020813057
4,10,0.036303281
15,1,0.17219811
9,7,0.17219811
14,5,0.42665418
16,11,0.42665418
9,19,1.96E-10
14,19,1.96E-10
17,14,0.998006701
12,10,0
11,18,0
17,4,0
10,12,0
9,15,0.946836412
9,1,9.13E-06
3,18,9.13E-06
3,8,0.17294829
0,4,0.17294829
3,17,8.43E-22
10,19,8.43E-22
16,13,0.000732266
8,5,0.000732266
4,14,0.005659039
6,1,3.71E-14
13,4,3.71E-14
13,8,0
6,11,0
6,11,0
9,18,0
6,11,0.49199874
3,2,0.49199874
18,10,0.969865918
4,17,0
11,2,0
14,16,7.84E-29
3,19,7.84E-29
17,15,0.412668684
13,18,0.412668684
7,13,0.475671828
13,19,0
15,16,0
18,13,0.217534267
17,18,0.217534267
1,13,0.162812619
5,15,0.162812619
6,8,1.21E-14
10,9,1.21E-14
19,16,9.68E-11
1,9,9.68E-11
17,15,0
8,6,0
10,19,3.33E-05
7,8,3.33E-05
9,12,0
4,17,0
16,12,0.050799117
3,0,0.022661978
4,15,0.099984558
8,10,0.00125894
1,4,0.00125894
9,2,0.038348619
12,18,0.296550279
17,10,0.296550279
7,0,0.016387738
18,4,0
5,9,0
14,5,0.850440681
11,13,0
18,10,0
7,3,1.11E-31
5,13,1.11E-31
3,16,0.088051929
12,19,1.49E-09
17,12,1.49E-09
4,9,1.66E-27
2,12,1.66E-27
3,1,1
17,11,0.063134814
13,14,0
7,18,0
14,12,2.25E-14
8,0,2.25E-14
7,9,0.006394396
11,18,0.039775325
10,19,0.011726793
13,5,0.042587444
13,18,0
6,1,0
3,14,0.051915983
2,5,0.126320185
12,7,0.126320185
7,5,0.003569356
6,3,0.307540118
12,17,0.307540118
3,10,0.001794809
7,14,0
0,13,0
4,12,0.969525933
16,14,0.002473818
15,18,0.002473818
16,13,0.020906617
2,19,0
1,3,0
7,4,2.24E-05
2,0,2.24E-05
15,11,2.27E-17
11,0,2.27E-17
19,4,2.36E-08
0,10,2.36E-08
2,14,0
14,4,0
11,8,0
3,0,0
19,8,0
19,10,0
16,7,0.2367454
10,7,0.2367454
10,11,0
2,17,0
16,6,0.491699844
11,10,0.491699844
4,5,0.000978908
16,14,0.000978908
2,12,0.021072012
6,12,0.271438621
5,18,0.271438621
12,2,0
13,11,0
1,17,0
12,2,0
0,10,0.058926636
10,4,0
15,3,0
15,7,0.149940024
13,14,0.149940024
15,2,0.17172769
18,5,0.17172769
8,6,0
18,19,0
13,3,0.000536645
14,8,0.000536645
6,18,0.251844584
7,11,0.251844584
1,15,0
17,19,0
5,13,0.04517589
10,2,0
14,3,0
11,9,0
19,17,0
3,1,0.001290124
12,16,0
1,16,0
17,12,4.27E-08
19,1,4.27E-08
3,16,0
15,5,0
18,16,0.013151806
4,3,3.25E-14
4,1,3.25E-14
10,9,0.318137201
10,8,0.318137201
12,14,0.259719498
1,10,0.259719498
0,10,0
0,2,0
8,13,0
12,16,0
7,5,0
3,18,0
12,6,0.059815514
13,2,0
6,1,0
7,2,0.991235673
16,10,0.016990105
2,10,3.70E-10
8,5,3.70E-10
6,15,0.077385717
17,9,0.434402466
15,17,0.434402466
0,9,0.002105883
11,14,0.002105883
3,12,0.217574765
19,0,0.217574765
17,11,0.18999548
4,18,0.18999548
14,0,0.374835402
18,1,0
9,19,0
7,4,0
19,3,0
8,15,0
0,16,0
3,10,0.001628137
16,10,0.009626846
18,7,0.001994739
16,0,0.00861704
8,18,7.84E-08
8,11,7.84E-08
2,1,0.267750729
13,16,0.267750729
16,11,0.97642982
10,19,0.124121629
7,12,0.037476246
16,6,7.12E-11
3,11,7.12E-11
12,2,0.007863468
14,16,0.053378189
6,3,0.158961149
10,17,0.158961149
18,17,0.078123034
1,7,0
11,13,0
18,8,0
13,15,0
10,2,0.325430883
2,7,0.325430883
5,3,0
15,8,0
13,18,0
1,9,0
14,16,0.042057924
3,1,0.010910607
1,0,0.010910607
10,16,2.97E-29
1,13,2.97E-29
2,0,1.22E-11
16,3,1.22E-11
18,13,1.11E-22
3,2,1.11E-22
10,0,0.354183518
13,3,0.354183518
1,16,0
19,13,0
7,16,0.18719834
11,4,0.18719834
13,19,7.88E-23
9,18,7.88E-23
15,10,0.006703879
19,4,0.006703879
16,9,0.00343495
12,19,0.272167176
15,12,0
11,0,0
7,15,0.095110568
4,0,0.493861968
15,5,0.493861968
4,7,1.05E-06
16,6,1.05E-06
6,5,0.035703477
8,6,4.46E-17
4,16,4.46E-17
14,18,0.079024103
1,7,0.036275153
11,13,0.117120646
8,14,0.117120646
16,12,0
3,17,0
14,7,0
12,8,0
6,7,9.64E-09
18,16,9.64E-09
15,8,3.57E-09
2,18,3.57E-09
19,12,6.87E-07
10,14,6.87E-07
19,1,0.180641
16,3,0.180641
2,6,8.70E-06
8,16,8.70E-06
11,6,0.320162391
1,3,0.320162391
14,11,1.77E-19
2,19,1.77E-19
18,9,0.305534719
12,8,0.305534719
17,14,0.130281784
17,5,0.130281784
1,2,0.150120861
19,10,0.150120861
16,15,7.41E-08
8,15,7.41E-08
8,5,1.49E-32
14,1,1.49E-32
8,10,1.98E-22
19,2,1.98E-22
6,12,0.000113518
13,9,0.000113518
13,11,0.003152421
2,15,0
15,1,0
18,3,1.56E-22
14,4,1.56E-22
9,1,6.05E-15
3,12,6.05E-15
19,8,0
12,5,0
10,4,0.353549636
0,19,0.353549636
11,7,0.318675739
7,2,0.318675739
2,15,0.314445674
6,11,0.07615221
4,14,0
8,14,0
10,8,0.31973506
5,16,0.31973506
19,0,2.98E-23
19,18,2.98E-23
15,10,0.199187815
9,5,0.020491972
9,10,0.495665183
2,7,0.495665183
9,7,0
1,10,0
4,12,0.089839908
14,1,0
18,11,0
5,14,0.001536468
15,7,0.098446799
7,13,2.77E-22
13,12,2.77E-22
10,3,0.009993029
4,17,0
2,11,0
14,12,0
18,17,0
5,17,0
10,8,0
5,16,0
2,4,0
11,12,0
12,14,0
17,6,0.023130719
1,17,0.63400805
17,11,0.065257639
0,16,1.96E-16
10,15,1.96E-16
16,5,0.490987673
2,4,0.490987673
3,1,0.368163455
0,16,0.368163455
1,12,0
7,0,0
16,3,0
19,17,0
14,19,0.002973336
3,8,0.90981096
3,16,0
0,7,0
1,15,0.078982732
0,18,0.002539736
15,9,0.257860316
9,7,0.257860316
5,17,0
8,5,0
2,3,0.094564282
14,1,0.008138683
13,19,0.090233272
12,1,0.333975651
16,4,0.333975651
8,4,0.221761817
14,12,0.221761817
3,2,1.10E-19
9,6,1.10E-19
18,17,0
19,3,0
7,2,0.240968453
4,1,0.240968453
3,5,0.97758925
9,17,0.001336741
16,12,0
17,12,0
2,8,0
17,8,0
19,5,0
16,0,0
1,9,0.957045078
5,12,0
2,15,0
11,18,0
16,19,0
16,7,0
9,11,0
18,10,0
16,12,0
17,19,0.996672571
16,3,0
10,13,0
16,12,0
11,2,0
10,4,0.045510656
1,3,0.331859082
16,8,0.495517044
12,4,0.495517044
13,0,0
2,17,0
6,17,0.127823034
13,7,0.127823034
15,1,0.993602395
5,6,0
17,9,0
4,19,0.077987555
6,17,0
12,1,0
7,8,0.083786249
0,16,2.95E-10
5,16,2.95E-10
2,0,0.068386033
12,15,0.007736398
1,3,0
11,7,0
8,17,0.183635158
7,9,0.183635158
3,17,0
13,10,0
6,11,0.064009824
6,9,0.113068643
15,18,0.113068643
10,14,0
12,15,0
17,2,0
11,4,0
0,8,2.14E-21
0,8,2.14E-21
14,1,0
12,7,0
0,19,0
17,10,0
8,6,5.08E-16
9,19,5.08E-16
10,0,0.022082973
14,17,0
12,6,0
4,6,0.128490879
9,14,0.128490879
4,2,0.003190594
19,5,0.683065057
4,6,8.96E-25
9,16,8.96E-25
7,12,0.108542561
6,11,0.108542561
6,8,0.157714996
8,15,0.157714996
18,14,0.08752921
8,3,0.080339354
2,18,2.39E-20
11,1,2.39E-20
10,1,0.44967109
5,14,0.44967109
18,17,0
5,19,0
1,9,0.094251896
9,4,0
12,10,0
10,13,0
7,5,0
16,8,7.95E-15
2,7,7.95E-15
10,14,0
13,6,0
10,11,0.020707104
8,16,0.020707104
13,7,3.74E-09
12,15,3.74E-09
5,7,0.804105878
17,17,0
0,1,0
6,3,0
19,18,0
9,14,4.25E-30
3,10,4.25E-30
14,0,2.09E-32
3,14,2.09E-32
0,14,0
5,17,0
6,0,0.397805998
1,5,0.397805998
17,2,0
4,11,0
3,13,0.002385132
15,11,0.002385132
14,3,0.01108936
7,4,0.007035164
9,0,0.158408836
1,18,0.1404793
11,10,0.1404793
17,7,0
8,7,0
18,19,0.243962844
14,9,0.243962844
9,4,0
13,14,0
12,2,0
4,0,0
7,17,0.036057699
13,7,0.036057699
9,14,0.09025163
15,13,0.336706202
3,13,0.336706202
8,14,0
3,7,0
10,19,0.017648697
18,19,0.017648697
17,10,0.112609625
8,2,0.112609625
12,8,0.014320155
6,9,0.014320155
12,10,0.125074745
6,15,0.125074745
11,12,0
17,10,0
8,14,0.327488757
4,1,0.327488757
3,17,0.198751906
0,14,0.198751906
10,15,0.081162827
9,8,0.079223863
14,16,0.219087653
15,11,0.219087653
1,2,0
11,10,0
9,19,0.069957884
11,7,0.095873937
17,19,0.03962922
2,12,0.052024674
11,19,0
18,0,0
6,13,0.215605425
10,15,0.215605425
17,11,0.204180178
14,15,0.204180178
15,18,0.001085505
19,3,0.162023105
12,17,0.162023105
6,2,0.057881694
0,7,0.004746869
4,12,6.76E-29
17,9,6.76E-29
4,19,0.010401176
11,2,0.045876581
2,10,0
16,9,0
12,14,0
7,11,0
5,15,1.42E-22
1,4,1.42E-22
18,0,0.997638166
15,0,0
15,19,0
12,2,0.799978256
6,3,0
2,11,0
0,2,2.29E-18
19,15,2.29E-18
14,8,0.987513721
7,9,0
10,4,0
14,11,0.00205203
3,13,0
0,11,0
9,4,0.414769951
7,15,0.414769951
7,19,0.325847213
2,19,0.325847213
3,10,1
13,2,0.062909414
19,9,0.077826763
1,19,0.004035812
10,17,0.049661441
11,10,0.049661441
2,10,0.318289211
16,11,0.318289211
17,7,0.973424017
9,0,0.051026142
7,3,0.043485179
17,12,0.150677282
7,18,0.150677282
16,15,0
19,3,0
17,7,0.054874306
12,18,0.982540011
3,7,0.058579561
5,14,0.19236136
18,17,0.19236136
7,18,1.26E-25
17,8,1.26E-25
8,14,8.91E-17
5,14,8.91E-17
0,7,4.92E-30
15,9,4.92E-30
6,11,0.022274629
0,15,0.188230901
16,19,0.188230901
5,14,0
13,1,0
15,5,0.088987872
16,4,0.050505139
7,17,4.60E-11
16,15,4.60E-11
5,16,0
4,19,0
8,0,0.02267997
17,11,0.005157869
2,8,9.24E-05
1,0,9.24E-05
0,7,0
0,8,0
10,13,0.001188162
4,1,0.157714094
6,17,0.157714094
4,18,0
3,15,0
10,5,0
2,4,0
19,17,0.419443531
8,8,0.419443531
8,11,1.00E-15
16,12,1.00E-15
19,1,0
8,11,0
12,14,0.439548661
6,3,0.439548661
14,11,0.016876418
4,3,0
5,12,0
7,10,0.035952347
14,3,0.161078859
18,4,0.161078859
15,19,0.383252191
11,14,0.383252191
1,12,0
0,16,0
12,15,0.953505218
14,18,0
10,2,0
4,13,0
5,0,0
6,10,0.117267264
11,5,0.117267264
8,19,0.195405111
11,8,0.195405111
5,18,0.116582574
13,16,0.116582574
5,15,0
14,13,0
9,2,0.005537693
14,9,0
11,1,0
8,13,0.00023218
13,7,0.00023218
18,1,0.157806891
3,13,0.157806891
13,3,0.013734444
16,6,0
4,3,0
6,10,0.04941926
0,19,0.04941926
3,11,0.984839916
5,9,2.32E-24
12,5,2.32E-24
18,7,0
0,14,0
14,16,0.410348497
0,10,0.410348497
0,13,0.146295235
16,14,0.146295235
8,6,0
19,14,0
18,4,0
1,16,0
1,0,0
12,18,0
18,1,0.192242126
2,4,0.192242126
11,3,0
4,5,0
12,1,0
4,1,0
1,19,0
11,16,0
13,17,0
9,7,0
4,11,0.156205759
5,10,0.156205759
6,5,0.011468472
2,3,0.003396719
3,1,0.096488736
2,17,0.054678024
19,10,0
1,13,0
6,8,0.342465151
4,9,0.342465151
3,12,0.046048641
16,8,0.137715164
14,3,0.137715164
2,0,0
15,19,0
16,18,0.173926484
3,16,0.173926484
16,10,0.254776765
8,0,0.254776765
17,14,0.233492465
0,15,0.233492465
11,13,0.298194907
16,18,0.298194907
11,3,0
9,5,0
19,3,0.656696379
14,3,0
3,19,0
13,7,0
6,3,0
19,6,0.073643238
6,19,0.156853232
13,19,0.156853232
13,14,0.336470344
3,19,0.336470344
9,6,5.68E-07
0,4,5.68E-07
10,7,1.34E-09
4,7,1.34E-09
12,14,0.127825711
7,2,0.127825711
3,7,0.202412761
16,5,0.202412761
1,0,0.118407326
17,10,0.118407326
10,12,0.133532783
8,15,0.133532783
14,19,0
1,16,0
7,17,0
19,11,0
15,11,0
17,6,0
9,4,1.37E-06
5,4,1.37E-06
17,12,0
18,19,0
10,5,0.073064592
7,3,0
3,2,0
3,7,3.19E-18
19,17,3.19E-18
6,16,0
13,1,0
8,19,0.05844991
10,2,0
2,17,0
16,14,0
15,7,0
3,12,0.002526401
16,7,0
7,1,0
9,12,0
9,19,0
14,13,0.283381581
18,4,0.283381581
13,16,0
9,16,0
8,2,0.399059383
14,18,0.399059383
17,10,6.91E-07
16,11,6.91E-07
12,2,0
8,6,0
14,13,0.879420757
12,10,0
16,15,0
0,8,0.003122039
11,6,0
10,5,0
14,16,0.244841358
17,5,0.244841358
9,12,0.218064626
2,10,0.218064626
14,15,0.98809427
10,7,0
15,9,0
12,4,0
0,19,0
9,0,0.997399211
11,19,6.08E-07
10,11,6.08E-07
6,15,0.227129975
17,7,0.227129975
10,8,0
2,18,0
12,8,0.107412234
14,3,0.107412234
15,13,0
10,17,0
0,11,1.31E-05
3,17,1.31E-05
11,4,1.04E-20
4,11,1.04E-20
1,17,0
7,16,0
4,17,0.060162511
8,16,0
13,12,0
15,15,0.07015072
10,16,0
14,3,0
14,17,0
19,1,0
10,8,0.078342964
5,14,0.001034474
10,14,0
14,4,0
15,18,0
2,9,0
9,16,0.229194658
11,1,0.229194658
6,15,0.310629461
5,3,0.310629461
12,19,0
1,2,0
4,6,0.114568458
13,9,0.114568458
6,13,0.198008187
18,14,0.198008187
10,3,0
19,10,0
5,14,0.05507177
18,6,0.030302083
15,12,0.01771696
1,6,0.236239634
16,18,0.236239634
19,2,0.309790717
5,2,0.309790717
0,5,0
0,12,0
9,10,0.070285198
8,5,0
16,4,0
10,16,0.227255179
2,10,0.227255179
19,11,0.001462813
17,6,0.953590512
7,14,0.656925142
11,17,0
6,5,0
13,19,0.023272216
8,11,0.005711362
14,2,0.005711362
0,9,0
6,18,0
19,0,0
6,10,0
13,2,0
19,15,0
1,17,0
8,0,0
13,10,0.993886113
3,16,0.119171673
19,1,0.119171673
13,2,0
18,16,0
7,10,1.15E-20
19,14,1.15E-20
1,7,0.061027298
11,4,0.921651542
14,8,0.499958056
8,13,0.499958056
9,15,0
15,17,0
3,6,0.374794035
16,4,0.374794035
6,4,0.001295802
6,2,0.100505917
11,18,0.100505917
10,1,0.08984431
4,14,4.34E-30
18,5,4.34E-30
18,17,0.293099438
16,7,0.293099438
4,15,0.001150035
3,7,0.747102857
14,18,0.846113205
15,1,0.132751738
5,4,0.132751738
10,6,0
7,17,0
9,12,0.454312186
0,9,0.454312186
10,13,1.76E-30
17,6,1.76E-30
11,8,0
13,5,0
10,9,0
1,9,0
6,5,0
6,2,0
17,18,9.90E-18
18,8,9.90E-18
16,14,0
11,4,0
9,0,0.327123358
1,0,0.327123358
5,13,0.320213701
14,12,0.320213701
6,11,0.010105749
2,16,0
2,4,0
11,18,0.089178368
12,19,0.001023009
7,6,8.69E-21
19,5,8.69E-21
1,3,0
7,0,0
3,18,3.49E-22
3,18,3.49E-22
5,13,0.140975681
7,5,0.140975681
18,12,8.25E-16
17,10,8.25E-16
13,1,0
12,7,0
6,15,0.225284646
11,8,0.225284646
17,6,0.069169182
11,1,5.47E-21
0,10,5.47E-21
1,11,2.01E-17
8,13,2.01E-17
3,14,0.319817686
7,9,0.319817686
2,10,0.97829318
11,2,0.105665094
10,15,0.105665094
12,5,0
5,8,0
7,3,0.986464143
11,0,0
2,4,0
14,9,0.140239339
13,19,0.140239339
10,9,0
10,4,0
17,19,0
10,14,0
3,5,0.980242193
16,18,0
6,3,0
9,0,0
4,13,0
13,19,0
1,18,0
7,6,0
3,10,0
10,1,0.053144793
0,11,0
19,10,0
14,17,0
4,2,0
14,17,0.055167993
4,3,0.002930688
17,3,0.087746324
18,0,0
12,9,0
5,1,0.003206144
1,10,0.003206144
6,14,3.01E-14
0,12,3.01E-14
2,1,0
8,10,0
7,3,0.007128054
6,18,2.45E-17
12,2,2.45E-17
13,3,0.0215988
3,16,0.390251051
0,9,0.390251051
16,0,0.095032364
6,7,0
4,2,0
14,1,0.066775843
18,13,0
3,0,0
0,4,0
7,6,0
11,8,0.112954418
14,11,0.112954418
13,11,0.390756031
6,8,0.390756031
4,0,0.180551971
5,1,0.180551971
0,19,0.107761145
18,7,0.107761145
10,2,0.269299111
1,14,0.269299111
1,0,0.09373111
19,3,0.004829475
1,18,1.89E-05
4,16,1.89E-05
7,1,0.275588216
19,0,0.275588216
14,4,0.008067035
2,14,0
8,1,0
6,8,4.21E-32
13,7,4.21E-32
7,18,0.083135667
0,1,0.021807176
13,4,0.069622503
9,14,0
15,13,0
4,2,0
1,10,0
4,16,0.04021846
7,10,0.040529474
5,8,0.483211654
5,16,0.483211654
2,5,0.03402615
3,9,0
17,9,0
2,16,3.21E-32
15,18,3.21E-32
19,6,0.128032247
10,0,0.128032247
5,3,0.016936074
6,15,0
8,9,0
8,9,0
19,16,0
17,2,0.007089604
14,10,1.05E-30
19,7,1.05E-30
16,7,5.40E-27
8,3,5.40E-27
5,15,0
19,0,0
19,0,0.041735778
11,15,0.041735778
10,13,0
5,19,0
17,9,0.332772062
13,7,0.332772062
8,19,0
13,19,0
14,11,0.049538441
3,0,0
0,9,0
0,15,0
16,7,0
1,15,0.180605886
18,4,0.180605886
3,1,0.101672005
2,15,0.101672005
5,19,0.051828276
17,13,0.02394714
4,16,0.001049118
0,5,6.69E-05
11,8,6.69E-05
11,19,0
10,18,0
11,12,0.00106141
17,7,0.061271516
18,13,5.81E-13
0,3,5.81E-13
4,8,0
13,1,0
19,1,0
11,4,0
3,8,0.230476391
7,3,0.230476391
4,9,0.001330831
6,11,0.705341697
9,18,0.10173679
11,1,0.10173679
1,16,0.01172813
12,8,0
3,18,0
7,19,0.990174949
19,5,0.942998171
12,19,0.100382909
16,10,0.053913518
11,3,0.011039344
5,13,0.390288827
16,11,0.390288827
4,9,0.279325963
3,10,0.279325963
10,8,0.186498524
5,4,0.186498524
9,10,0.000997945
18,19,0.000997945
16,13,0.290598541
3,7,0.001120717
4,1,0.135054303
13,10,0.135054303
10,6,0.017330749
17,0,0
17,6,0
10,8,0
9,11,0
15,14,0.139204047
9,4,0.139204047
11,6,0.080652382
7,6,0.332802185
14,5,0.332802185
16,12,2.12E-10
12,13,2.12E-10
3,13,2.63E-27
2,9,2.63E-27
4,12,0
12,11,0
6,0,2.74E-18
0,9,2.74E-18
3,0,0.078821875
0,19,0
17,12,0
3,15,0
4,15,0
5,11,0.422341574
6,12,0.422341574
8,11,0.001464992
14,1,0.653222382
13,1,0
13,1,0
18,15,0.289876596
6,19,0.289876596
13,10,2.92E-13
19,10,2.92E-13
0,19,0
16,18,0
8,3,0.248595968
9,19,0.008332448
5,17,6.43E-17
1,6,6.43E-17
4,13,0
19,1,0
17,5,0.970133305
10,18,0.974041998
14,16,0.409838161
18,4,0.409838161
1,17,0.001571415
16,2,0.143703001
4,17,0.143703001
18,6,0.246868498
4,7,0.246868498
13,12,0
17,0,0
5,8,0.00294447
18,15,0.271237863
11,3,0.271237863
1,10,0.329146773
7,0,0.011105678
12,3,0
4,2,0
10,6,0.076812651
15,13,0
5,14,0
1,19,0
2,9,0
10,5,0.067781752
13,12,0.490276609
8,14,0.490276609
13,0,0
15,12,0
7,2,0.450962514
3,14,0.450962514
6,17,8.59E-05
3,0,8.59E-05
8,3,0.001862051
6,1,0
7,4,0
16,13,0
16,7,0
13,8,0
3,16,0
12,5,0.071498333
17,4,0
5,16,0
3,16,0
6,12,0
3,19,0.149997228
5,6,0.149997228
12,0,0
14,4,0
16,10,1.14E-06
0,16,1.14E-06
16,5,0.016414223
8,19,0
15,16,0
19,3,0
5,19,0
10,19,0
16,9,0
15,18,0.041222723
2,1,0.041222723
4,8,0.902596414
2,8,0.069019903
14,18,0.224624018
10,8,0.224624018
1,13,0.991342425
2,5,0.600386441
9,16,1.02E-22
9,8,1.02E-22
0,16,0.33565078
14,17,0.33565078
11,16,0.266709423
5,3,0.266709423
15,6,0
13,11,0
6,1,0
19,17,0
9,5,0.600571871
4,2,0
11,1,0
7,13,0
7,18,0
12,17,0.163893128
12,19,0.163893128
17,1,0
3,1,0
17,8,0
1,19,0
9,2,0
16,19,0
16,10,0.071287416
19,18,0
1,19,0
15,4,0.279612141
7,11,0.279612141
5,9,0.319099228
13,5,0.319099228
5,4,0.004146586
14,4,0
9,17,0
6,14,0.074928706
6,13,0.007339984
7,9,0.954411924
16,5,0
16,8,0
6,17,0
12,5,0
3,5,0.95667845
18,14,0.222969058
19,15,0.222969058
5,14,6.65E-10
14,18,6.65E-10
11,10,0.001869955
13,6,0
19,9,0
7,16,0
13,17,0
17,9,0
16,12,0
17,11,0
8,17,0
11,2,0
12,13,0
8,7,0.068737409
15,19,0.403724145
2,3,0.403724145
2,10,4.42E-32
3,0,4.42E-32
1,5,9.11E-11
16,1,9.11E-11
3,9,0
9,8,0
13,18,0.329977745
18,2,0.329977745
2,4,0
9,3,0
3,9,0
14,13,0
3,6,0.037464697
12,1,8.03E-06
0,13,8.03E-06
16,7,0
11,3,0
19,14,0.027910686
4,13,0
18,9,0
10,19,0.144044461
2,10,0.144044461
7,4,0.240916532
1,8,0.240916532
3,5,0
9,3,0
19,2,0.48052115
0,4,0.48052115
16,14,0.925189197
9,8,0.001345547
3,14,0.049170205
16,5,0.219459849
15,17,0.219459849
18,15,0
15,16,0
1,16,0.560141683
11,14,0.050834834
4,14,0.178040442
17,12,0.178040442
6,11,0
8,5,0
16,14,0.947554052
10,14,3.37E-29
14,8,3.37E-29
17,12,0.935521245
16,2,0.031988613
1,10,0
10,6,0
12,11,0
10,2,0
19,1,0.24366923
0,16,0.24366923
3,10,0
5,15,0
11,9,4.84E-05
16,10,4.84E-05
3,17,0
15,18,0
0,4,0.001740824
17,16,0.056069932
16,11,0.043000186
2,19,0.216800225
10,4,0.216800225
2,19,0.176370057
17,6,0.176370057
11,2,0
10,8,0
18,16,1.68E-19
14,5,1.68E-19
18,5,3.24E-26
5,2,3.24E-26
13,14,0.428622559
10,16,0.428622559
17,3,0
8,14,0
17,12,0.346899906
8,19,0.346899906
4,18,0.165144622
6,8,0.165144622
0,8,0
5,10,0
12,18,0.06865758
12,18,1.27E-11
7,15,1.27E-11
4,9,0.024966734
2,7,0.424567173
3,8,0.424567173
18,10,0.494489655
4,8,0.494489655
7,4,0.125087026
13,15,0.125087026
2,1,0.477189518
7,19,0.477189518
8,15,0
19,15,0
9,10,0.982908368
17,18,0
0,11,0
2,1,0
0,4,0
12,8,0.127090287
2,19,0.127090287
3,6,0.961587608
18,19,0
0,8,0
7,12,9.33E-05
1,19,9.33E-05
15,4,0.053322958
1,8,0.953443229
11,2,0
5,6,0
8,7,0.357405515
14,16,0.357405515
11,16,0.975807607
7,9,2.55E-11
11,7,2.55E-11
4,18,0
1,13,0
2,8,4.34E-09
9,18,4.34E-09
18,0,7.70E-15
4,1,7.70E-15
18,15,0.058462151
10,7,0.047922251
19,4,0
7,15,0
0,18,0
10,14,0
5,7,1.26E-13
7,10,1.26E-13
1,12,0.275426137
2,15,0.275426137
11,16,0.068749825
13,4,0.121711411
8,4,0
15,3,0
16,7,0.14317561
18,9,0.14317561
1,19,2.35E-17
8,5,2.35E-17
4,6,0
5,6,0
5,4,0.394241273
2,6,0.008062574
7,5,0.079844613
17,8,0.174168279
17,12,0.174168279
7,3,0.002053333
16,18,0.930027783
6,8,0.940715492
17,12,1.10E-13
3,2,1.10E-13
8,4,0.016465907
2,18,0.041563788
0,1,0
4,2,0
1,5,0
1,0,0
12,4,2.39E-11
7,13,2.39E-11
16,1,0.001112454
13,15,0
19,6,0
18,2,0.202279261
2,7,0.202279261
7,13,1.26E-07
7,12,1.26E-07
9,0,1.38E-21
11,1,1.38E-21
16,12,0
2,18,0
10,1,0.017051434
7,5,0.017051434
3,19,0
6,1,0
4,10,0.075316406
7,11,0
19,7,0
6,9,0.328174763
19,17,0.328174763
12,19,0.080656537
11,6,0
17,14,0
19,14,6.28E-27
11,15,6.28E-27
2,10,0.00395046
10,2,0.00395046
10,18,0.095796133
9,7,0.006217249
1,13,0
12,17,0
4,13,0
15,10,0
4,11,0.02242383
16,7,2.78E-20
10,0,2.78E-20
16,11,0.064752111
19,9,4.03E-07
6,11,4.03E-07
0,13,1.91E-08
9,18,1.91E-08
1,2,0.050520635
1,15,0.002239505
16,15,0.162355762
12,7,0.162355762
1,12,0
13,3,0
19,3,1.73E-17
3,13,1.73E-17
1,5,0.079090059
18,4,6.93E-17
18,15,6.93E-17
6,4,0.044226501
1,5,0.095526129
5,11,0.02508408
2,7,0
4,15,0
4,14,0.040837899
1,18,0
5,19,0
0,11,0
19,13,0
16,11,0
13,11,0
5,1,0.225255609
4,13,0.180203177
19,10,0.180203177
2,3,0.00150254
12,3,0.00150254
6,0,0.001816519
5,13,0.432501576
0,9,0.432501576
18,3,0.099650744
1,9,0.991246819
3,18,0.182637741
7,14,0.182637741
5,14,1.22E-09
0,11,1.22E-09
8,19,0.111779213
5,4,0.111779213
0,2,0.056974597
0,4,8.47E-32
4,0,8.47E-32
7,16,0
17,12,0
15,13,0.000151116
17,3,0.000151116
12,5,0.247496297
5,8,0.247496297
12,6,0
7,6,0
2,5,0.300922053
5,10,0.300922053
11,9,0
8,10,0
2,12,0.081560734
10,7,0.00625757
17,6,2.24E-06
8,3,2.24E-06
14,3,0.109557674
4,3,0.109557674
8,3,0.270928023
4,3,0.270928023
2,14,0.008089915
0,17,0.372065144
7,13,0.372065144
17,10,0.084939779
12,11,0.988281965
1,12,0.086188602
4,5,0
2,17,0
15,7,0
0,5,0
17,5,0.051226479
9,7,0.089464322
12,13,0.193327258
14,4,0.193327258
19,16,0.178684
15,9,0.178684
14,12,0.066940338
0,14,0.001544683
4,13,0.521249354
3,14,0
2,9,0
12,18,0
16,13,0
3,10,0.004148509
9,7,0.086492457
16,3,0.746335804
2,7,0.090050831
14,1,0
1,12,0
0,10,0.249360397
4,11,0.249360397
0,1,0.005112366
4,17,9.94E-17
12,17,9.94E-17
19,12,0
11,3,0
3,14,0.279423431
7,9,0.279423431
18,2,0
1,11,0
6,0,0
6,10,0
0,16,6.61E-30
7,1,6.61E-30
5,10,0.098849146
15,15,0
6,2,0
16,6,0
6,4,0
12,2,0
14,2,0
16,2,0
19,11,0
0,10,0.75729531
13,5,0.808507204
7,8,1.13E-22
18,2,1.13E-22
14,18,5.23E-16
7,17,5.23E-16
1,17,2.00E-14
3,17,2.00E-14
17,12,0.376841374
9,13,0.376841374
15,1,0.205372766
16,1,0.205372766
17,15,0.986052871
9,18,2.11E-26
6,1,2.11E-26
19,1,7.71E-06
19,2,7.71E-06
18,6,0.12976068
2,3,0.12976068
7,6,0.196480483
13,15,0.196480483
1,4,3.17E-07
1,0,3.17E-07
18,16,0
3,13,0
6,17,2.45E-07
14,3,2.45E-07
2,2,0
13,5,0
3,16,0.181465497
0,12,0.181465497
10,2,0.084512976
17,11,0.084065425
12,11,0
0,7,0
4,3,0.254121691
7,14,0.125801875
6,3,0.125801875
13,15,0.149785087
9,11,0.054106291
4,6,0.308978691
14,3,0.308978691
7,2,0.302325077
17,0,0.302325077
11,17,0
17,11,0
6,15,0
5,10,0
6,4,3.18E-12
12,7,3.18E-12
7,11,0
18,14,0
14,0,0.074386218
6,1,0.980944693
16,11,0.898368597
9,6,3.86E-22
16,18,3.86E-22
7,18,1.57E-11
0,18,1.57E-11
9,12,0
9,8,0
10,15,0.119158947
4,6,0.119158947
17,3,0.327767368
3,5,0.327767368
15,6,2.08E-08
18,15,2.08E-08
8,18,0.074268202
3,11,0.099039229
1,6,0
5,9,0
9,17,0.142386765
6,18,0.142386765
1,16,0
18,19,0
6,15,0
6,3,0
11,9,0
10,19,0
17,12,0
17,13,0
1,8,0.997116208
11,5,1.84E-31
18,17,1.84E-31
6,12,0.106117259
10,14,0.106117259
8,4,0.04447249
11,6,0.899681211
8,15,2.26E-05
16,12,2.26E-05
2,7,0.151969114
7,4,0.151969114
8,7,0
19,14,0
2,6,0
18,16,0
7,12,1.23E-14
6,14,1.23E-14
15,7,0.025267313
2,14,0.867114902
6,9,0.996269166
0,3,0.338982674
0,11,0.338982674
11,6,0.321920495
2,11,0.321920495
5,2,0.072559365
3,2,0.081158319
1,13,0.212628103
18,10,0.212628103
16,3,5.29E-28
12,14,5.29E-28
13,3,0
4,14,0
12,11,1.37E-29
12,2,1.37E-29
3,10,0.379808887
15,1,0.379808887
17,3,0.003889757
12,3,0
11,17,0
18,11,0.270790624
6,7,0.270790624
10,17,0
1,3,0
0,16,0
4,0,0
4,16,0.869409382
0,15,0
16,8,0
4,0,0
0,6,0
15,18,0
18,3,0
10,14,0.078435196
2,11,0
13,8,0
8,6,0
4,15,0
12,8,0.176934336
3,15,0.176934336
13,19,0.268911972
4,18,0.268911972
12,8,0
16,17,0
17,19,0
17,18,0
12,13,0
19,6,0
15,0,0.168892816
16,18,0
0,13,0
0,15,0
4,9,0
19,9,0
6,17,0
9,3,0
5,3,0
15,4,0.160858108
15,2,0.160858108
10,12,0.001076747
8,1,9.40E-28
1,9,9.40E-28
8,12,1.10E-12
9,5,1.10E-12
8,6,0
0,5,0
5,2,0.119288896
12,9,0.119288896
9,1,0
17,7,0
14,17,7.63E-17
6,8,7.63E-17
15,14,0.302217872
13,15,0.302217872
4,9,0
5,6,0
4,0,0.025645584
14,2,0
2,4,0
6,19,0.003417188
16,18,3.58E-10
13,7,3.58E-10
7,11,0.016617585
19,7,1.63E-18
9,19,1.63E-18
18,14,0
10,13,0
9,17,0
17,12,0
3,2,0
16,18,0
7,3,0
4,7,0
17,0,0.054564583
10,2,5.92E-07
19,11,5.92E-07
4,9,0.264816423
10,8,0.264816423
10,4,0.100549812
11,16,0.100549812
3,19,0.004936458
6,2,0.044247514
0,16,0.63667661
3,13,0.060624327
2,9,1.71E-08
6,3,1.71E-08
18,14,0.001293014
8,16,0.181167794
18,12,0.181167794
19,18,2.71E-28
18,14,2.71E-28
3,9,0
13,9,0
14,12,0.072542667
1,17,0.053607533
0,14,1.04E-07
16,2,1.04E-07
12,16,0.001015673
7,4,0.068892317
6,11,0.079076111
12,19,0
13,2,0
3,11,0.481830182
0,5,0.481830182
17,8,0
8,14,0
16,5,0.934763789
17,13,0.006073682
4,3,0
14,1,0
11,8,1.69E-11
12,3,1.69E-11
8,12,0.445958591
4,17,0.445958591
1,13,0.329844392
0,4,0.329844392
11,1,0.332839641
3,17,0.332839641
1,3,4.46E-19
3,12,4.46E-19
4,10,0
4,12,0
3,11,0.025662514
9,16,0
9,2,0
5,15,0.954547346
8,2,0.435810449
2,10,0.435810449
17,3,0.310490315
2,8,0.310490315
19,9,0.107715838
9,3,0.107715838
3,16,0.366498232
13,18,0.441126555
13,19,0.441126555
7,4,0.010323738
1,3,0
14,17,0
15,11,0
6,13,0
13,2,3.12E-23
17,18,3.12E-23
17,8,0
11,18,0
12,3,0
11,19,0
6,9,0
11,5,0
0,19,1.24E-29
6,10,1.24E-29
16,1,0.100362158
14,19,0.100362158
0,4,0.044298809
6,11,0.067462533
7,9,0.000124717
4,12,0.000124717
5,9,0.091845961
13,17,0.099397919
17,16,0
18,2,0
17,8,0.031299063
4,8,0.938197732
5,3,0
19,2,0
11,6,0.001251159
1,11,0
6,17,0
14,8,0
11,4,0
17,7,1.03E-16
11,6,1.03E-16
11,14,0.007347786
14,1,0.348887523
7,19,0.348887523
0,7,0
15,10,0
6,13,5.73E-14
11,7,5.73E-14
19,2,1.82E-15
9,3,1.82E-15
16,4,0
16,8,0
8,12,0.26881657
8,19,0.26881657
5,1,4.12E-32
4,12,4.12E-32
15,19,0
11,1,0
15,8,0
16,11,0
18,6,0.957394123
18,7,0.077206896
15,9,0.966960371
15,1,0.208217156
17,8,0.208217156
2,5,0
16,4,0
15,3,7.76E-31
17,8,7.76E-31
5,9,0
8,12,0
17,11,0.172933942
15,17,0.172933942
15,6,0.195106681
14,8,0.195106681
7,15,0.413455215
11,12,0.413455215
19,1,0.169942228
4,6,0.169942228
0,16,0
5,9,0
13,18,0.974048555
12,19,0
6,19,0
9,8,0
6,17,0
14,13,0.001811673
10,9,0.001999655
6,11,7.92E-28
8,6,7.92E-28
3,9,6.30E-21
15,6,6.30E-21
15,9,0
7,18,0
14,12,0.045153232
13,17,0.125393097
12,1,0.125393097
8,12,0.086369415
4,7,0.060167164
9,6,2.01E-17
18,4,2.01E-17
7,17,0.445305428
6,4,0.445305428
18,5,0
5,2,0
12,9,2.44E-16
17,11,2.44E-16
15,16,0.354638993
7,14,0.354638993
10,3,0
14,3,0
2,6,0.272375561
16,2,0.272375561
2,9,1.09E-31
5,12,1.09E-31
18,15,0.021002717
3,9,0.010215504
12,2,0.427091843
8,6,0.427091843
12,2,0
17,4,0
19,8,0.072626147
11,13,0
11,6,0
12,18,0.002086971
3,13,0
10,0,0
4,2,0.916772366
17,5,0.379888341
17,8,0.379888341
7,6,0
5,7,0
7,12,0.01870483
13,12,0.576713979
16,19,0
2,16,0
1,2,1.63E-32
14,7,1.63E-32
15,14,0
18,9,0
13,12,0.001030784
8,6,6.94E-07
5,17,6.94E-07
19,6,0.247272925
10,8,0.247272925
10,19,9.80E-21
17,0,9.80E-21
3,16,0
13,1,0
10,16,0.984553397
19,12,0.439965836
12,1,0.439965836
8,9,0
7,2,0
8,7,4.15E-21
9,4,4.15E-21
12,17,0.068444009
13,6,0.15293654
10,7,0.15293654
17,16,0
12,10,0
15,13,4.33E-27
5,4,4.33E-27
1,5,0.247099029
18,7,0.247099029
0,10,0.348516827
2,8,0.348516827
9,16,3.58E-30
19,17,3.58E-30
14,2,1.69E-08
16,3,1.69E-08
9,8,0.322154752
19,9,0.322154752
14,12,0
19,17,0
5,3,0.062618055
3,19,0.001218669
10,17,0
10,17,0
11,1,0
19,8,0
7,5,0.025601305
7,1,0.09876499
15,4,0.331634283
2,9,0.130827025
18,13,0.490572769
0,1,0.490572769
5,8,0.274465419
13,14,0.274465419
13,7,0
12,3,0
1,4,0.061000226
11,0,0
8,5,0
1,7,5.22E-21
6,5,5.22E-21
13,14,0.081046048
3,19,0.057872542
0,5,0
16,7,0
11,12,0.356804609
12,11,0.356804609
15,13,0.984725952
0,2,0.077202718
10,18,0
16,1,0
15,8,0.201669991
11,8,0
19,3,0
10,5,0.06569791
17,19,0.047377656
6,7,0
19,1,0
15,13,0.214059546
5,1,0.214059546
11,3,1
15,6,0.226302713
17,15,0.226302713
13,2,0.283847097
2,15,0.283847097
15,6,0
8,19,0
13,15,0.025348052
17,3,6.05E-23
16,3,6.05E-23
17,13,0.106863305
14,17,0
15,14,0
0,3,0.921601951
7,17,0.002584056
3,9,0.002964999
12,15,1.46E-15
6,14,1.46E-15
0,9,0
10,7,0
12,19,0
6,15,0
6,1,0.121407058
12,16,0.121407058
12,19,0
11,0,0
15,3,0.004302997
15,1,0.410886161
13,8,0.410886161
4,16,0.199971328
11,12,0.199971328
14,17,0.15970759
12,11,0.15970759
15,11,0.054207182
7,9,0.318941689
8,3,0.318941689
8,18,0
13,14,0
14,10,1.51E-20
2,3,1.51E-20
9,12,0.013242637
19,4,0.998414159
10,19,0.001151604
17,1,0
7,4,0
5,3,0
2,1,0
0,3,0.377557285
8,12,0.377557285
4,0,0.001840768
10,16,0.001840768
19,12,0.006314943
5,1,1.29E-08
12,15,1.29E-08
5,4,0.306682545
17,12,0.306682545
12,8,0.076902252
11,5,4.04E-19
17,17,4.04E-19
5,6,0.001020678
5,1,0.088258734
12,14,0
10,4,0
10,11,0
2,3,0
11,10,0.11240461
16,17,0.11240461
17,10,5.06E-18
4,6,5.06E-18
17,18,4.04E-06
7,6,4.04E-06
19,14,0.169881649
1,11,0.169881649
12,0,0.168658546
14,10,0.168658546
2,13,0.942913413
3,18,0
12,10,0
4,15,1.47E-09
18,13,1.47E-09
15,18,0
9,14,0