experiment,defense,scheme,profile,regime,sigma,forced_clique,n_seeds,tpr_mean,tpr_ci95,auc_mean,auc_ci95,gap_mean,gap_ci95
dual_sigma,D1_RF,T1_mean,AP1,measured,0.003465,False,100,1.0,0.0,1.0,0.0,0.979498,0.000131
dual_sigma,D1_RF,T1_mean,AP1,stress,0.15,False,100,1.0,0.0,1.0,0.0,0.867296,0.0038
dual_sigma,D1_RF,T1_mean,AP4_phi030,measured,0.003465,False,100,0.993333,0.006434,0.994167,0.005711,0.311058,0.005349
dual_sigma,D1_RF,T1_mean,AP4_phi030,stress,0.15,False,100,0.993333,0.006434,0.993512,0.006149,0.27255,0.006431
dual_sigma,D1_RF,T1_mean,AP5_p10,measured,0.003465,False,100,1.0,0.0,1.0,0.0,0.979498,0.000113
dual_sigma,D1_RF,T1_mean,AP5_p10,stress,0.15,False,100,1.0,0.0,1.0,0.0,0.867843,0.003691
dual_sigma,D1_RF,T1_mean,AP6c_active,measured,0.003465,True,100,0.99,0.007797,0.99,0.007797,0.41547,0.008991
dual_sigma,D1_RF,T1_mean,AP6c_active,stress,0.15,True,100,0.985,0.009396,0.991429,0.006337,0.37134,0.008205
dual_sigma,D1_RF,T_meanvar_z,AP6c_active_Tmvz,measured,0.003465,True,100,0.99,0.007797,0.990476,0.007445,43784.085273,642.290611
dual_sigma,D1_RF,T_meanvar_z,AP6c_active_Tmvz,stress,0.15,True,100,0.99,0.007797,0.991905,0.006464,16.04669,0.305361
dual_sigma,D2_CNN,T1_mean,AP1,measured,0.001907,False,100,1.0,0.0,1.0,0.0,0.953279,8.4e-05
dual_sigma,D2_CNN,T1_mean,AP1,stress,0.15,False,100,1.0,0.0,1.0,0.0,0.852779,0.004014
dual_sigma,D2_CNN,T1_mean,AP4_phi030,measured,0.001907,False,100,0.993333,0.006434,0.994167,0.005711,0.302769,0.005201
dual_sigma,D2_CNN,T1_mean,AP4_phi030,stress,0.15,False,100,0.991667,0.00853,0.993333,0.006207,0.267971,0.006469
dual_sigma,D2_CNN,T1_mean,AP5_p10,measured,0.001907,False,100,1.0,0.0,1.0,0.0,0.853644,7.5e-05
dual_sigma,D2_CNN,T1_mean,AP5_p10,stress,0.15,False,100,1.0,0.0,1.0,0.0,0.784893,0.004686
dual_sigma,D2_CNN,T1_mean,AP6c_active,measured,0.001907,True,100,0.99,0.007797,0.99,0.007797,0.398623,0.008851
dual_sigma,D2_CNN,T1_mean,AP6c_active,stress,0.15,True,100,0.981667,0.010273,0.990705,0.006479,0.36225,0.00813
dual_sigma,D2_CNN,T_meanvar_z,AP6c_active_Tmvz,measured,0.001907,True,100,0.99,0.007797,0.990476,0.007445,139727.76981,2050.372159
dual_sigma,D2_CNN,T_meanvar_z,AP6c_active_Tmvz,stress,0.15,True,100,0.99,0.007797,0.991667,0.006604,15.767648,0.304613
dual_sigma,D3_RHMD,T1_mean,AP1,measured,0.010608,False,100,1.0,0.0,1.0,0.0,0.671726,0.000465
dual_sigma,D3_RHMD,T1_mean,AP1,stress,0.15,False,100,1.0,0.0,1.0,0.0,0.646123,0.005743
dual_sigma,D3_RHMD,T1_mean,AP4_phi030,measured,0.010608,False,100,0.993333,0.006434,0.994167,0.005711,0.213087,0.003728
dual_sigma,D3_RHMD,T1_mean,AP4_phi030,stress,0.15,False,100,0.866667,0.036263,0.976538,0.008038,0.201567,0.006931
dual_sigma,D3_RHMD,T1_mean,AP5_p10,measured,0.010608,False,100,1.0,0.0,1.0,0.0,0.182178,0.000416
dual_sigma,D3_RHMD,T1_mean,AP5_p10,stress,0.15,False,100,0.775,0.044139,0.963407,0.008482,0.171229,0.00583
dual_sigma,D3_RHMD,T1_mean,AP6c_active,measured,0.010608,True,100,0.948333,0.016543,0.948333,0.016543,0.181096,0.007792
dual_sigma,D3_RHMD,T1_mean,AP6c_active,stress,0.15,True,100,0.835,0.031317,0.947921,0.012206,0.197824,0.007566
dual_sigma,D3_RHMD,T_meanvar_z,AP6c_active_Tmvz,measured,0.010608,True,100,0.99,0.007797,0.990476,0.007445,3534.684865,52.082859
dual_sigma,D3_RHMD,T_meanvar_z,AP6c_active_Tmvz,stress,0.15,True,100,0.986667,0.008907,0.990238,0.007284,13.444512,0.296683
dual_sigma,D4_MTD,T1_mean,AP1,measured,0.009328,False,100,1.0,0.0,1.0,0.0,0.900932,0.000409
dual_sigma,D4_MTD,T1_mean,AP1,stress,0.15,False,100,1.0,0.0,1.0,0.0,0.820883,0.004393
dual_sigma,D4_MTD,T1_mean,AP4_phi030,measured,0.009328,False,100,0.993333,0.006434,0.994167,0.005711,0.285933,0.004961
dual_sigma,D4_MTD,T1_mean,AP4_phi030,stress,0.15,False,100,0.985,0.01048,0.992679,0.006162,0.257791,0.006669
dual_sigma,D4_MTD,T1_mean,AP5_p10,measured,0.009328,False,100,1.0,0.0,1.0,0.0,0.775579,0.000366
dual_sigma,D4_MTD,T1_mean,AP5_p10,stress,0.15,False,100,1.0,0.0,1.0,0.0,0.728463,0.005067
dual_sigma,D4_MTD,T1_mean,AP6c_active,measured,0.009328,True,100,0.99,0.007797,0.99,0.007797,0.355252,0.008675
dual_sigma,D4_MTD,T1_mean,AP6c_active,stress,0.15,True,100,0.968333,0.013691,0.98891,0.006887,0.334591,0.008052
dual_sigma,D4_MTD,T_meanvar_z,AP6c_active_Tmvz,measured,0.009328,True,100,0.99,0.007797,0.990476,0.007445,5654.621495,83.187291
dual_sigma,D4_MTD,T_meanvar_z,AP6c_active_Tmvz,stress,0.15,True,100,0.988333,0.008377,0.99119,0.006834,15.728029,0.305249
dual_sigma,D5_Stochastic,T1_mean,AP1,measured,0.009519,False,100,1.0,0.0,1.0,0.0,0.438585,0.000417
dual_sigma,D5_Stochastic,T1_mean,AP1,stress,0.15,False,100,1.0,0.0,1.0,0.0,0.407387,0.005595
dual_sigma,D5_Stochastic,T1_mean,AP4_phi030,measured,0.009519,False,100,0.993333,0.006434,0.994167,0.005711,0.139057,0.002458
dual_sigma,D5_Stochastic,T1_mean,AP4_phi030,stress,0.15,False,100,0.556,0.053954,0.903106,0.014186,0.125351,0.006335
dual_sigma,D5_Stochastic,T1_mean,AP5_p10,measured,0.009519,False,100,1.0,0.0,1.0,0.0,0.259183,0.000373
dual_sigma,D5_Stochastic,T1_mean,AP5_p10,stress,0.15,False,100,0.96,0.018054,0.992143,0.004501,0.251936,0.00574
dual_sigma,D5_Stochastic,T1_mean,AP6c_active,measured,0.009519,True,100,0.22,0.034396,0.22,0.034396,-0.079099,0.008228
dual_sigma,D5_Stochastic,T1_mean,AP6c_active,stress,0.15,True,100,0.026667,0.012901,0.313636,0.025295,-0.060792,0.007766
dual_sigma,D5_Stochastic,T_meanvar_z,AP6c_active_Tmvz,measured,0.009519,True,100,0.99,0.007797,0.990476,0.007445,4887.516965,71.935838
dual_sigma,D5_Stochastic,T_meanvar_z,AP6c_active_Tmvz,stress,0.15,True,100,0.988333,0.008377,0.990238,0.007448,14.533761,0.310668
dual_sigma,D6_DRL,T1_mean,AP1,measured,0.005572,False,100,1.0,0.0,1.0,0.0,0.853106,0.000244
dual_sigma,D6_DRL,T1_mean,AP1,stress,0.15,False,100,1.0,0.0,1.0,0.0,0.789188,0.004728
dual_sigma,D6_DRL,T1_mean,AP4_phi030,measured,0.005572,False,100,0.993333,0.006434,0.994167,0.005711,0.270845,0.004676
dual_sigma,D6_DRL,T1_mean,AP4_phi030,stress,0.15,False,100,0.973333,0.014476,0.991667,0.006129,0.247543,0.006731
dual_sigma,D6_DRL,T1_mean,AP5_p10,measured,0.005572,False,100,1.0,0.0,1.0,0.0,0.48879,0.000219
dual_sigma,D6_DRL,T1_mean,AP5_p10,stress,0.15,False,100,0.998333,0.003267,0.999881,0.000233,0.458749,0.005721
dual_sigma,D6_DRL,T1_mean,AP6c_active,measured,0.005572,True,100,0.99,0.007797,0.99,0.007797,0.31983,0.008493
dual_sigma,D6_DRL,T1_mean,AP6c_active,stress,0.15,True,100,0.958333,0.014955,0.98641,0.007281,0.311039,0.007941
dual_sigma,D6_DRL,T_meanvar_z,AP6c_active_Tmvz,measured,0.005572,True,100,0.99,0.007797,0.990476,0.007445,15134.54632,222.29919
dual_sigma,D6_DRL,T_meanvar_z,AP6c_active_Tmvz,stress,0.15,True,100,0.988333,0.008377,0.99119,0.006834,15.299246,0.304146
