scheme,defense,q_attack_frac,tuned_attacker_tpr,tpr_ci95,breakdown_tpr,attacker_strategy,benign_mean,benign_std,threshold_p99,thr_in_tail_std,realized_benign_fpr,op_count,cost_vs_T1,complexity
T1_mean,D1_RF,0.2,0.898333,0.028957,,forge=0.00,0.0696,0.0423,0.186,2.751,0.01,7,1.0,O(k)
T1_mean,D1_RF,0.3,0.991667,0.007155,,forge=0.00,0.0696,0.0423,0.186,2.751,0.01,7,1.0,O(k)
T1_mean,D1_RF,0.4,0.993333,0.006434,,forge=0.00,0.0696,0.0423,0.186,2.751,0.01,7,1.0,O(k)
T1_mean,D1_RF,0.5,0.993333,0.006434,,forge=0.00,0.0696,0.0423,0.186,2.751,0.01,7,1.0,O(k)
T1_mean,D1_RF,0.6,1.0,0.0,,forge=0.00,0.0696,0.0423,0.186,2.751,0.01,7,1.0,O(k)
T1_mean,D1_RF,0.7,1.0,0.0,,forge=0.00,0.0696,0.0423,0.186,2.751,0.01,7,1.0,O(k)
T1_mean,D1_RF,0.8,1.0,0.0,,forge=0.00,0.0696,0.0423,0.186,2.751,0.01,7,1.0,O(k)
T2_SL,D1_RF,0.2,0.898333,0.028957,,forge=0.00,0.1413,0.0353,0.2383,2.751,0.01,20,2.86,O(k)
T2_SL,D1_RF,0.3,0.991667,0.007155,,forge=0.00,0.1413,0.0353,0.2383,2.751,0.01,20,2.86,O(k)
T2_SL,D1_RF,0.4,0.993333,0.006434,,forge=0.00,0.1413,0.0353,0.2383,2.751,0.01,20,2.86,O(k)
T2_SL,D1_RF,0.5,0.993333,0.006434,,forge=0.00,0.1413,0.0353,0.2383,2.751,0.01,20,2.86,O(k)
T2_SL,D1_RF,0.6,1.0,0.0,,forge=0.00,0.1413,0.0353,0.2383,2.751,0.01,20,2.86,O(k)
T2_SL,D1_RF,0.7,1.0,0.0,,forge=0.00,0.1413,0.0353,0.2383,2.751,0.01,20,2.86,O(k)
T2_SL,D1_RF,0.8,1.0,0.0,,forge=0.00,0.1413,0.0353,0.2383,2.751,0.01,20,2.86,O(k)
T3_Beta,D1_RF,0.2,0.898333,0.028957,,forge=0.00,0.1413,0.0353,0.2383,2.751,0.01,20,2.86,O(k)
T3_Beta,D1_RF,0.3,0.991667,0.007155,,forge=0.00,0.1413,0.0353,0.2383,2.751,0.01,20,2.86,O(k)
T3_Beta,D1_RF,0.4,0.993333,0.006434,,forge=0.00,0.1413,0.0353,0.2383,2.751,0.01,20,2.86,O(k)
T3_Beta,D1_RF,0.5,0.993333,0.006434,,forge=0.00,0.1413,0.0353,0.2383,2.751,0.01,20,2.86,O(k)
T3_Beta,D1_RF,0.6,1.0,0.0,,forge=0.00,0.1413,0.0353,0.2383,2.751,0.01,20,2.86,O(k)
T3_Beta,D1_RF,0.7,1.0,0.0,,forge=0.00,0.1413,0.0353,0.2383,2.751,0.01,20,2.86,O(k)
T3_Beta,D1_RF,0.8,1.0,0.0,,forge=0.00,0.1413,0.0353,0.2383,2.751,0.01,20,2.86,O(k)
T5_TFLDT,D1_RF,0.2,0.886667,0.03145,,forge=0.00,0.0696,0.0302,0.1562,2.866,0.01,20,2.86,O(k + deg)
T5_TFLDT,D1_RF,0.3,0.986667,0.011066,,forge=0.00,0.0696,0.0302,0.1562,2.866,0.01,20,2.86,O(k + deg)
T5_TFLDT,D1_RF,0.4,0.993333,0.006434,,forge=0.00,0.0696,0.0302,0.1562,2.866,0.01,20,2.86,O(k + deg)
T5_TFLDT,D1_RF,0.5,0.996667,0.004596,,forge=0.00,0.0696,0.0302,0.1562,2.866,0.01,20,2.86,O(k + deg)
T5_TFLDT,D1_RF,0.6,1.0,0.0,,forge=0.00,0.0696,0.0302,0.1562,2.866,0.01,20,2.86,O(k + deg)
T5_TFLDT,D1_RF,0.7,1.0,0.0,,forge=0.00,0.0696,0.0302,0.1562,2.866,0.01,20,2.86,O(k + deg)
T5_TFLDT,D1_RF,0.8,1.0,0.0,,forge=0.00,0.0696,0.0302,0.1562,2.866,0.01,20,2.86,O(k + deg)
T_max,D1_RF,0.2,0.073333,0.022897,,cap=0.02,0.1982,0.1024,0.4458,2.418,0.01,6,0.86,O(k)
T_max,D1_RF,0.3,0.073333,0.022897,,cap=0.02,0.1982,0.1024,0.4458,2.418,0.01,6,0.86,O(k)
T_max,D1_RF,0.4,0.073333,0.022897,,cap=0.02,0.1982,0.1024,0.4458,2.418,0.01,6,0.86,O(k)
T_max,D1_RF,0.5,0.073333,0.022897,,cap=0.02,0.1982,0.1024,0.4458,2.418,0.01,6,0.86,O(k)
T_max,D1_RF,0.6,0.073333,0.022897,,cap=0.02,0.1982,0.1024,0.4458,2.418,0.01,6,0.86,O(k)
T_max,D1_RF,0.7,0.073333,0.022897,,cap=0.02,0.1982,0.1024,0.4458,2.418,0.01,6,0.86,O(k)
T_max,D1_RF,0.8,0.073333,0.022897,,cap=0.02,0.1982,0.1024,0.4458,2.418,0.01,6,0.86,O(k)
T_median,D1_RF,0.2,0.110333,0.030906,0.419333,attack_frac=0.20,0.044,0.0515,0.2044,3.114,0.01,16,2.29,O(k log k)
T_median,D1_RF,0.3,0.110333,0.030906,0.419333,attack_frac=0.20,0.044,0.0515,0.2044,3.114,0.01,16,2.29,O(k log k)
T_median,D1_RF,0.4,0.110333,0.030906,0.419333,attack_frac=0.20,0.044,0.0515,0.2044,3.114,0.01,16,2.29,O(k log k)
T_median,D1_RF,0.5,0.110333,0.030906,0.419333,attack_frac=0.20,0.044,0.0515,0.2044,3.114,0.01,16,2.29,O(k log k)
T_median,D1_RF,0.6,0.110333,0.030906,0.419333,attack_frac=0.20,0.044,0.0515,0.2044,3.114,0.01,16,2.29,O(k log k)
T_median,D1_RF,0.7,0.110333,0.030906,0.419333,attack_frac=0.20,0.044,0.0515,0.2044,3.114,0.01,16,2.29,O(k log k)
T_median,D1_RF,0.8,0.110333,0.030906,0.419333,attack_frac=0.20,0.044,0.0515,0.2044,3.114,0.01,16,2.29,O(k log k)
T4_EigenTrust,D1_RF,0.2,0.158333,0.041105,,forge=0.00,-0.0498,0.0168,-0.0164,1.993,0.01,11400,1628.57,O(iters * E)
T4_EigenTrust,D1_RF,0.3,0.205,0.044499,,forge=0.00,-0.0498,0.0168,-0.0164,1.993,0.01,11400,1628.57,O(iters * E)
T4_EigenTrust,D1_RF,0.4,0.273333,0.053247,,forge=0.00,-0.0498,0.0168,-0.0164,1.993,0.01,11400,1628.57,O(iters * E)
T4_EigenTrust,D1_RF,0.5,0.341667,0.054814,,forge=0.00,-0.0498,0.0168,-0.0164,1.993,0.01,11400,1628.57,O(iters * E)
T4_EigenTrust,D1_RF,0.6,0.416667,0.058822,,forge=0.00,-0.0498,0.0168,-0.0164,1.993,0.01,11400,1628.57,O(iters * E)
T4_EigenTrust,D1_RF,0.7,0.57,0.058395,,forge=0.00,-0.0498,0.0168,-0.0164,1.993,0.01,11400,1628.57,O(iters * E)
T4_EigenTrust,D1_RF,0.8,0.665,0.05523,,forge=0.00,-0.0498,0.0168,-0.0164,1.993,0.01,11400,1628.57,O(iters * E)
T_meanvar_z,D1_RF,0.2,0.956667,0.01835,,"w_m=0.80,m=0.25",0.8073,0.6322,2.4239,2.557,0.01,18,2.57,O(k)
T_meanvar_z,D1_RF,0.3,0.976667,0.013149,,"w_m=0.70,m=0.27",0.8073,0.6322,2.4239,2.557,0.01,18,2.57,O(k)
T_meanvar_z,D1_RF,0.4,0.983333,0.010889,,"w_m=0.60,m=0.27",0.8073,0.6322,2.4239,2.557,0.01,18,2.57,O(k)
T_meanvar_z,D1_RF,0.5,0.985,0.01048,,"w_m=0.50,m=0.25",0.8073,0.6322,2.4239,2.557,0.01,18,2.57,O(k)
T_meanvar_z,D1_RF,0.6,0.988333,0.009577,,"w_m=0.40,m=0.20",0.8073,0.6322,2.4239,2.557,0.01,18,2.57,O(k)
T_meanvar_z,D1_RF,0.7,0.993333,0.006434,,"w_m=0.30,m=0.11",0.8073,0.6322,2.4239,2.557,0.01,18,2.57,O(k)
T_meanvar_z,D1_RF,0.8,0.995,0.005601,,"w_m=0.16,m=0.00",0.8073,0.6322,2.4239,2.557,0.01,18,2.57,O(k)
T1_mean,D2_CNN,0.2,0.875,0.031958,,forge=0.00,0.0746,0.0437,0.195,2.756,0.01,7,1.0,O(k)
T1_mean,D2_CNN,0.3,0.991667,0.007155,,forge=0.00,0.0746,0.0437,0.195,2.756,0.01,7,1.0,O(k)
T1_mean,D2_CNN,0.4,0.993333,0.006434,,forge=0.00,0.0746,0.0437,0.195,2.756,0.01,7,1.0,O(k)
T1_mean,D2_CNN,0.5,0.993333,0.006434,,forge=0.00,0.0746,0.0437,0.195,2.756,0.01,7,1.0,O(k)
T1_mean,D2_CNN,0.6,1.0,0.0,,forge=0.00,0.0746,0.0437,0.195,2.756,0.01,7,1.0,O(k)
T1_mean,D2_CNN,0.7,1.0,0.0,,forge=0.00,0.0746,0.0437,0.195,2.756,0.01,7,1.0,O(k)
T1_mean,D2_CNN,0.8,1.0,0.0,,forge=0.00,0.0746,0.0437,0.195,2.756,0.01,7,1.0,O(k)
T2_SL,D2_CNN,0.2,0.875,0.031958,,forge=0.00,0.1455,0.0364,0.2459,2.756,0.01,20,2.86,O(k)
T2_SL,D2_CNN,0.3,0.991667,0.007155,,forge=0.00,0.1455,0.0364,0.2459,2.756,0.01,20,2.86,O(k)
T2_SL,D2_CNN,0.4,0.993333,0.006434,,forge=0.00,0.1455,0.0364,0.2459,2.756,0.01,20,2.86,O(k)
T2_SL,D2_CNN,0.5,0.993333,0.006434,,forge=0.00,0.1455,0.0364,0.2459,2.756,0.01,20,2.86,O(k)
T2_SL,D2_CNN,0.6,1.0,0.0,,forge=0.00,0.1455,0.0364,0.2459,2.756,0.01,20,2.86,O(k)
T2_SL,D2_CNN,0.7,1.0,0.0,,forge=0.00,0.1455,0.0364,0.2459,2.756,0.01,20,2.86,O(k)
T2_SL,D2_CNN,0.8,1.0,0.0,,forge=0.00,0.1455,0.0364,0.2459,2.756,0.01,20,2.86,O(k)
T3_Beta,D2_CNN,0.2,0.875,0.031958,,forge=0.00,0.1455,0.0364,0.2459,2.756,0.01,20,2.86,O(k)
T3_Beta,D2_CNN,0.3,0.991667,0.007155,,forge=0.00,0.1455,0.0364,0.2459,2.756,0.01,20,2.86,O(k)
T3_Beta,D2_CNN,0.4,0.993333,0.006434,,forge=0.00,0.1455,0.0364,0.2459,2.756,0.01,20,2.86,O(k)
T3_Beta,D2_CNN,0.5,0.993333,0.006434,,forge=0.00,0.1455,0.0364,0.2459,2.756,0.01,20,2.86,O(k)
T3_Beta,D2_CNN,0.6,1.0,0.0,,forge=0.00,0.1455,0.0364,0.2459,2.756,0.01,20,2.86,O(k)
T3_Beta,D2_CNN,0.7,1.0,0.0,,forge=0.00,0.1455,0.0364,0.2459,2.756,0.01,20,2.86,O(k)
T3_Beta,D2_CNN,0.8,1.0,0.0,,forge=0.00,0.1455,0.0364,0.2459,2.756,0.01,20,2.86,O(k)
T5_TFLDT,D2_CNN,0.2,0.86,0.03764,,forge=0.00,0.0746,0.0312,0.1635,2.848,0.01,20,2.86,O(k + deg)
T5_TFLDT,D2_CNN,0.3,0.983333,0.011837,,forge=0.00,0.0746,0.0312,0.1635,2.848,0.01,20,2.86,O(k + deg)
T5_TFLDT,D2_CNN,0.4,0.993333,0.006434,,forge=0.00,0.0746,0.0312,0.1635,2.848,0.01,20,2.86,O(k + deg)
T5_TFLDT,D2_CNN,0.5,0.993333,0.006434,,forge=0.00,0.0746,0.0312,0.1635,2.848,0.01,20,2.86,O(k + deg)
T5_TFLDT,D2_CNN,0.6,1.0,0.0,,forge=0.00,0.0746,0.0312,0.1635,2.848,0.01,20,2.86,O(k + deg)
T5_TFLDT,D2_CNN,0.7,1.0,0.0,,forge=0.00,0.0746,0.0312,0.1635,2.848,0.01,20,2.86,O(k + deg)
T5_TFLDT,D2_CNN,0.8,1.0,0.0,,forge=0.00,0.0746,0.0312,0.1635,2.848,0.01,20,2.86,O(k + deg)
T_max,D2_CNN,0.2,0.073333,0.022897,,cap=0.03,0.207,0.1029,0.4549,2.408,0.01,6,0.86,O(k)
T_max,D2_CNN,0.3,0.073333,0.022897,,cap=0.03,0.207,0.1029,0.4549,2.408,0.01,6,0.86,O(k)
T_max,D2_CNN,0.4,0.073333,0.022897,,cap=0.03,0.207,0.1029,0.4549,2.408,0.01,6,0.86,O(k)
T_max,D2_CNN,0.5,0.073333,0.022897,,cap=0.03,0.207,0.1029,0.4549,2.408,0.01,6,0.86,O(k)
T_max,D2_CNN,0.6,0.073333,0.022897,,cap=0.03,0.207,0.1029,0.4549,2.408,0.01,6,0.86,O(k)
T_max,D2_CNN,0.7,0.073333,0.022897,,cap=0.03,0.207,0.1029,0.4549,2.408,0.01,6,0.86,O(k)
T_max,D2_CNN,0.8,0.073333,0.022897,,cap=0.03,0.207,0.1029,0.4549,2.408,0.01,6,0.86,O(k)
T_median,D2_CNN,0.2,0.113667,0.031134,0.426,attack_frac=0.20,0.0495,0.0541,0.2135,3.029,0.01,16,2.29,O(k log k)
T_median,D2_CNN,0.3,0.113667,0.031134,0.426,attack_frac=0.20,0.0495,0.0541,0.2135,3.029,0.01,16,2.29,O(k log k)
T_median,D2_CNN,0.4,0.113667,0.031134,0.426,attack_frac=0.20,0.0495,0.0541,0.2135,3.029,0.01,16,2.29,O(k log k)
T_median,D2_CNN,0.5,0.113667,0.031134,0.426,attack_frac=0.20,0.0495,0.0541,0.2135,3.029,0.01,16,2.29,O(k log k)
T_median,D2_CNN,0.6,0.113667,0.031134,0.426,attack_frac=0.20,0.0495,0.0541,0.2135,3.029,0.01,16,2.29,O(k log k)
T_median,D2_CNN,0.7,0.113667,0.031134,0.426,attack_frac=0.20,0.0495,0.0541,0.2135,3.029,0.01,16,2.29,O(k log k)
T_median,D2_CNN,0.8,0.113667,0.031134,0.426,attack_frac=0.20,0.0495,0.0541,0.2135,3.029,0.01,16,2.29,O(k log k)
T4_EigenTrust,D2_CNN,0.2,0.158333,0.041105,,forge=0.00,-0.0498,0.0168,-0.0164,1.993,0.01,11400,1628.57,O(iters * E)
T4_EigenTrust,D2_CNN,0.3,0.203333,0.044189,,forge=0.00,-0.0498,0.0168,-0.0164,1.993,0.01,11400,1628.57,O(iters * E)
T4_EigenTrust,D2_CNN,0.4,0.266667,0.053344,,forge=0.00,-0.0498,0.0168,-0.0164,1.993,0.01,11400,1628.57,O(iters * E)
T4_EigenTrust,D2_CNN,0.5,0.338333,0.055026,,forge=0.00,-0.0498,0.0168,-0.0164,1.993,0.01,11400,1628.57,O(iters * E)
T4_EigenTrust,D2_CNN,0.6,0.41,0.05899,,forge=0.00,-0.0498,0.0168,-0.0164,1.993,0.01,11400,1628.57,O(iters * E)
T4_EigenTrust,D2_CNN,0.7,0.561667,0.057366,,forge=0.00,-0.0498,0.0168,-0.0164,1.993,0.01,11400,1628.57,O(iters * E)
T4_EigenTrust,D2_CNN,0.8,0.65,0.056198,,forge=0.00,-0.0498,0.0168,-0.0164,1.993,0.01,11400,1628.57,O(iters * E)
T_meanvar_z,D2_CNN,0.2,0.948333,0.021122,,"w_m=0.80,m=0.25",0.746,0.6498,2.4037,2.551,0.01,18,2.57,O(k)
T_meanvar_z,D2_CNN,0.3,0.975,0.014216,,"w_m=0.70,m=0.27",0.746,0.6498,2.4037,2.551,0.01,18,2.57,O(k)
T_meanvar_z,D2_CNN,0.4,0.98,0.011635,,"w_m=0.60,m=0.27",0.746,0.6498,2.4037,2.551,0.01,18,2.57,O(k)
T_meanvar_z,D2_CNN,0.5,0.985,0.01048,,"w_m=0.50,m=0.24",0.746,0.6498,2.4037,2.551,0.01,18,2.57,O(k)
T_meanvar_z,D2_CNN,0.6,0.988333,0.009577,,"w_m=0.40,m=0.19",0.746,0.6498,2.4037,2.551,0.01,18,2.57,O(k)
T_meanvar_z,D2_CNN,0.7,0.993333,0.006434,,"w_m=0.30,m=0.11",0.746,0.6498,2.4037,2.551,0.01,18,2.57,O(k)
T_meanvar_z,D2_CNN,0.8,0.995,0.005601,,"w_m=0.16,m=0.00",0.746,0.6498,2.4037,2.551,0.01,18,2.57,O(k)
T1_mean,D3_RHMD,0.2,0.126667,0.032871,,forge=0.00,0.2052,0.0625,0.3637,2.535,0.01,7,1.0,O(k)
T1_mean,D3_RHMD,0.3,0.473667,0.055401,,forge=0.00,0.2052,0.0625,0.3637,2.535,0.01,7,1.0,O(k)
T1_mean,D3_RHMD,0.4,0.794667,0.041223,,forge=0.00,0.2052,0.0625,0.3637,2.535,0.01,7,1.0,O(k)
T1_mean,D3_RHMD,0.5,0.965,0.01693,,forge=0.00,0.2052,0.0625,0.3637,2.535,0.01,7,1.0,O(k)
T1_mean,D3_RHMD,0.6,0.995,0.005601,,forge=0.00,0.2052,0.0625,0.3637,2.535,0.01,7,1.0,O(k)
T1_mean,D3_RHMD,0.7,0.996667,0.004596,,forge=0.00,0.2052,0.0625,0.3637,2.535,0.01,7,1.0,O(k)
T1_mean,D3_RHMD,0.8,1.0,0.0,,forge=0.00,0.2052,0.0625,0.3637,2.535,0.01,7,1.0,O(k)
T2_SL,D3_RHMD,0.2,0.126667,0.032871,,forge=0.00,0.2543,0.0521,0.3864,2.535,0.01,20,2.86,O(k)
T2_SL,D3_RHMD,0.3,0.473667,0.055401,,forge=0.00,0.2543,0.0521,0.3864,2.535,0.01,20,2.86,O(k)
T2_SL,D3_RHMD,0.4,0.794667,0.041223,,forge=0.00,0.2543,0.0521,0.3864,2.535,0.01,20,2.86,O(k)
T2_SL,D3_RHMD,0.5,0.965,0.01693,,forge=0.00,0.2543,0.0521,0.3864,2.535,0.01,20,2.86,O(k)
T2_SL,D3_RHMD,0.6,0.995,0.005601,,forge=0.00,0.2543,0.0521,0.3864,2.535,0.01,20,2.86,O(k)
T2_SL,D3_RHMD,0.7,0.996667,0.004596,,forge=0.00,0.2543,0.0521,0.3864,2.535,0.01,20,2.86,O(k)
T2_SL,D3_RHMD,0.8,1.0,0.0,,forge=0.00,0.2543,0.0521,0.3864,2.535,0.01,20,2.86,O(k)
T3_Beta,D3_RHMD,0.2,0.126667,0.032871,,forge=0.00,0.2543,0.0521,0.3864,2.535,0.01,20,2.86,O(k)
T3_Beta,D3_RHMD,0.3,0.473667,0.055401,,forge=0.00,0.2543,0.0521,0.3864,2.535,0.01,20,2.86,O(k)
T3_Beta,D3_RHMD,0.4,0.794667,0.041223,,forge=0.00,0.2543,0.0521,0.3864,2.535,0.01,20,2.86,O(k)
T3_Beta,D3_RHMD,0.5,0.965,0.01693,,forge=0.00,0.2543,0.0521,0.3864,2.535,0.01,20,2.86,O(k)
T3_Beta,D3_RHMD,0.6,0.995,0.005601,,forge=0.00,0.2543,0.0521,0.3864,2.535,0.01,20,2.86,O(k)
T3_Beta,D3_RHMD,0.7,0.996667,0.004596,,forge=0.00,0.2543,0.0521,0.3864,2.535,0.01,20,2.86,O(k)
T3_Beta,D3_RHMD,0.8,1.0,0.0,,forge=0.00,0.2543,0.0521,0.3864,2.535,0.01,20,2.86,O(k)
T5_TFLDT,D3_RHMD,0.2,0.128333,0.0347,,forge=0.00,0.2052,0.0446,0.3183,2.536,0.01,20,2.86,O(k + deg)
T5_TFLDT,D3_RHMD,0.3,0.47,0.056557,,forge=0.00,0.2052,0.0446,0.3183,2.536,0.01,20,2.86,O(k + deg)
T5_TFLDT,D3_RHMD,0.4,0.781333,0.045882,,forge=0.00,0.2052,0.0446,0.3183,2.536,0.01,20,2.86,O(k + deg)
T5_TFLDT,D3_RHMD,0.5,0.948333,0.022601,,forge=0.00,0.2052,0.0446,0.3183,2.536,0.01,20,2.86,O(k + deg)
T5_TFLDT,D3_RHMD,0.6,0.985,0.011463,,forge=0.00,0.2052,0.0446,0.3183,2.536,0.01,20,2.86,O(k + deg)
T5_TFLDT,D3_RHMD,0.7,0.995,0.005601,,forge=0.00,0.2052,0.0446,0.3183,2.536,0.01,20,2.86,O(k + deg)
T5_TFLDT,D3_RHMD,0.8,1.0,0.0,,forge=0.00,0.2052,0.0446,0.3183,2.536,0.01,20,2.86,O(k + deg)
T_max,D3_RHMD,0.2,0.073333,0.022897,,cap=0.20,0.3774,0.1067,0.6268,2.338,0.01,6,0.86,O(k)
T_max,D3_RHMD,0.3,0.073333,0.022897,,cap=0.20,0.3774,0.1067,0.6268,2.338,0.01,6,0.86,O(k)
T_max,D3_RHMD,0.4,0.073333,0.022897,,cap=0.20,0.3774,0.1067,0.6268,2.338,0.01,6,0.86,O(k)
T_max,D3_RHMD,0.5,0.073333,0.022897,,cap=0.20,0.3774,0.1067,0.6268,2.338,0.01,6,0.86,O(k)
T_max,D3_RHMD,0.6,0.073333,0.022897,,cap=0.20,0.3774,0.1067,0.6268,2.338,0.01,6,0.86,O(k)
T_max,D3_RHMD,0.7,0.073333,0.022897,,cap=0.20,0.3774,0.1067,0.6268,2.338,0.01,6,0.86,O(k)
T_max,D3_RHMD,0.8,0.073333,0.022897,,cap=0.20,0.3774,0.1067,0.6268,2.338,0.01,6,0.86,O(k)
T_median,D3_RHMD,0.2,0.122,0.032808,0.427667,attack_frac=0.20,0.2001,0.0772,0.3841,2.384,0.01,16,2.29,O(k log k)
T_median,D3_RHMD,0.3,0.122,0.032808,0.427667,attack_frac=0.20,0.2001,0.0772,0.3841,2.384,0.01,16,2.29,O(k log k)
T_median,D3_RHMD,0.4,0.122,0.032808,0.427667,attack_frac=0.20,0.2001,0.0772,0.3841,2.384,0.01,16,2.29,O(k log k)
T_median,D3_RHMD,0.5,0.122,0.032808,0.427667,attack_frac=0.20,0.2001,0.0772,0.3841,2.384,0.01,16,2.29,O(k log k)
T_median,D3_RHMD,0.6,0.122,0.032808,0.427667,attack_frac=0.20,0.2001,0.0772,0.3841,2.384,0.01,16,2.29,O(k log k)
T_median,D3_RHMD,0.7,0.122,0.032808,0.427667,attack_frac=0.20,0.2001,0.0772,0.3841,2.384,0.01,16,2.29,O(k log k)
T_median,D3_RHMD,0.8,0.122,0.032808,0.427667,attack_frac=0.20,0.2001,0.0772,0.3841,2.384,0.01,16,2.29,O(k log k)
T4_EigenTrust,D3_RHMD,0.2,0.103333,0.031756,,forge=0.00,-0.0498,0.017,-0.0167,1.952,0.01,11400,1628.57,O(iters * E)
T4_EigenTrust,D3_RHMD,0.3,0.135,0.038762,,forge=0.00,-0.0498,0.017,-0.0167,1.952,0.01,11400,1628.57,O(iters * E)
T4_EigenTrust,D3_RHMD,0.4,0.18,0.042978,,forge=0.00,-0.0498,0.017,-0.0167,1.952,0.01,11400,1628.57,O(iters * E)
T4_EigenTrust,D3_RHMD,0.5,0.248333,0.050328,,forge=0.00,-0.0498,0.017,-0.0167,1.952,0.01,11400,1628.57,O(iters * E)
T4_EigenTrust,D3_RHMD,0.6,0.283333,0.049683,,forge=0.00,-0.0498,0.017,-0.0167,1.952,0.01,11400,1628.57,O(iters * E)
T4_EigenTrust,D3_RHMD,0.7,0.398333,0.052508,,forge=0.00,-0.0498,0.017,-0.0167,1.952,0.01,11400,1628.57,O(iters * E)
T4_EigenTrust,D3_RHMD,0.8,0.47,0.056367,,forge=0.00,-0.0498,0.017,-0.0167,1.952,0.01,11400,1628.57,O(iters * E)
T_meanvar_z,D3_RHMD,0.2,0.778333,0.043072,,"w_m=0.80,m=0.31",0.3771,0.8473,2.5523,2.567,0.01,18,2.57,O(k)
T_meanvar_z,D3_RHMD,0.3,0.911667,0.027647,,"w_m=0.70,m=0.31",0.3771,0.8473,2.5523,2.567,0.01,18,2.57,O(k)
T_meanvar_z,D3_RHMD,0.4,0.94,0.019981,,"w_m=0.60,m=0.30",0.3771,0.8473,2.5523,2.567,0.01,18,2.57,O(k)
T_meanvar_z,D3_RHMD,0.5,0.961667,0.016647,,"w_m=0.50,m=0.28",0.3771,0.8473,2.5523,2.567,0.01,18,2.57,O(k)
T_meanvar_z,D3_RHMD,0.6,0.975,0.013437,,"w_m=0.40,m=0.23",0.3771,0.8473,2.5523,2.567,0.01,18,2.57,O(k)
T_meanvar_z,D3_RHMD,0.7,0.99,0.007797,,"w_m=0.30,m=0.16",0.3771,0.8473,2.5523,2.567,0.01,18,2.57,O(k)
T_meanvar_z,D3_RHMD,0.8,0.995,0.005601,,"w_m=0.19,m=0.02",0.3771,0.8473,2.5523,2.567,0.01,18,2.57,O(k)
T1_mean,D4_MTD,0.2,0.737667,0.05139,,forge=0.00,0.099,0.0493,0.2328,2.711,0.01,7,1.0,O(k)
T1_mean,D4_MTD,0.3,0.973333,0.016559,,forge=0.00,0.099,0.0493,0.2328,2.711,0.01,7,1.0,O(k)
T1_mean,D4_MTD,0.4,0.991667,0.007155,,forge=0.00,0.099,0.0493,0.2328,2.711,0.01,7,1.0,O(k)
T1_mean,D4_MTD,0.5,0.993333,0.006434,,forge=0.00,0.099,0.0493,0.2328,2.711,0.01,7,1.0,O(k)
T1_mean,D4_MTD,0.6,1.0,0.0,,forge=0.00,0.099,0.0493,0.2328,2.711,0.01,7,1.0,O(k)
T1_mean,D4_MTD,0.7,1.0,0.0,,forge=0.00,0.099,0.0493,0.2328,2.711,0.01,7,1.0,O(k)
T1_mean,D4_MTD,0.8,1.0,0.0,,forge=0.00,0.099,0.0493,0.2328,2.711,0.01,7,1.0,O(k)
T2_SL,D4_MTD,0.2,0.737667,0.05139,,forge=0.00,0.1659,0.0411,0.2773,2.711,0.01,20,2.86,O(k)
T2_SL,D4_MTD,0.3,0.973333,0.016559,,forge=0.00,0.1659,0.0411,0.2773,2.711,0.01,20,2.86,O(k)
T2_SL,D4_MTD,0.4,0.991667,0.007155,,forge=0.00,0.1659,0.0411,0.2773,2.711,0.01,20,2.86,O(k)
T2_SL,D4_MTD,0.5,0.993333,0.006434,,forge=0.00,0.1659,0.0411,0.2773,2.711,0.01,20,2.86,O(k)
T2_SL,D4_MTD,0.6,1.0,0.0,,forge=0.00,0.1659,0.0411,0.2773,2.711,0.01,20,2.86,O(k)
T2_SL,D4_MTD,0.7,1.0,0.0,,forge=0.00,0.1659,0.0411,0.2773,2.711,0.01,20,2.86,O(k)
T2_SL,D4_MTD,0.8,1.0,0.0,,forge=0.00,0.1659,0.0411,0.2773,2.711,0.01,20,2.86,O(k)
T3_Beta,D4_MTD,0.2,0.737667,0.05139,,forge=0.00,0.1659,0.0411,0.2773,2.711,0.01,20,2.86,O(k)
T3_Beta,D4_MTD,0.3,0.973333,0.016559,,forge=0.00,0.1659,0.0411,0.2773,2.711,0.01,20,2.86,O(k)
T3_Beta,D4_MTD,0.4,0.991667,0.007155,,forge=0.00,0.1659,0.0411,0.2773,2.711,0.01,20,2.86,O(k)
T3_Beta,D4_MTD,0.5,0.993333,0.006434,,forge=0.00,0.1659,0.0411,0.2773,2.711,0.01,20,2.86,O(k)
T3_Beta,D4_MTD,0.6,1.0,0.0,,forge=0.00,0.1659,0.0411,0.2773,2.711,0.01,20,2.86,O(k)
T3_Beta,D4_MTD,0.7,1.0,0.0,,forge=0.00,0.1659,0.0411,0.2773,2.711,0.01,20,2.86,O(k)
T3_Beta,D4_MTD,0.8,1.0,0.0,,forge=0.00,0.1659,0.0411,0.2773,2.711,0.01,20,2.86,O(k)
T5_TFLDT,D4_MTD,0.2,0.716667,0.053445,,forge=0.00,0.0991,0.0352,0.1957,2.746,0.01,20,2.86,O(k + deg)
T5_TFLDT,D4_MTD,0.3,0.955,0.021203,,forge=0.00,0.0991,0.0352,0.1957,2.746,0.01,20,2.86,O(k + deg)
T5_TFLDT,D4_MTD,0.4,0.983333,0.010889,,forge=0.00,0.0991,0.0352,0.1957,2.746,0.01,20,2.86,O(k + deg)
T5_TFLDT,D4_MTD,0.5,0.99,0.007797,,forge=0.00,0.0991,0.0352,0.1957,2.746,0.01,20,2.86,O(k + deg)
T5_TFLDT,D4_MTD,0.6,0.998333,0.003267,,forge=0.00,0.0991,0.0352,0.1957,2.746,0.01,20,2.86,O(k + deg)
T5_TFLDT,D4_MTD,0.7,1.0,0.0,,forge=0.00,0.0991,0.0352,0.1957,2.746,0.01,20,2.86,O(k + deg)
T5_TFLDT,D4_MTD,0.8,1.0,0.0,,forge=0.00,0.0991,0.0352,0.1957,2.746,0.01,20,2.86,O(k + deg)
T_max,D4_MTD,0.2,0.073333,0.022897,,cap=0.07,0.2456,0.1047,0.4943,2.376,0.01,6,0.86,O(k)
T_max,D4_MTD,0.3,0.073333,0.022897,,cap=0.07,0.2456,0.1047,0.4943,2.376,0.01,6,0.86,O(k)
T_max,D4_MTD,0.4,0.073333,0.022897,,cap=0.07,0.2456,0.1047,0.4943,2.376,0.01,6,0.86,O(k)
T_max,D4_MTD,0.5,0.073333,0.022897,,cap=0.07,0.2456,0.1047,0.4943,2.376,0.01,6,0.86,O(k)
T_max,D4_MTD,0.6,0.073333,0.022897,,cap=0.07,0.2456,0.1047,0.4943,2.376,0.01,6,0.86,O(k)
T_max,D4_MTD,0.7,0.073333,0.022897,,cap=0.07,0.2456,0.1047,0.4943,2.376,0.01,6,0.86,O(k)
T_max,D4_MTD,0.8,0.073333,0.022897,,cap=0.07,0.2456,0.1047,0.4943,2.376,0.01,6,0.86,O(k)
T_median,D4_MTD,0.2,0.118667,0.031957,0.427667,attack_frac=0.20,0.0778,0.064,0.2529,2.738,0.01,16,2.29,O(k log k)
T_median,D4_MTD,0.3,0.118667,0.031957,0.427667,attack_frac=0.20,0.0778,0.064,0.2529,2.738,0.01,16,2.29,O(k log k)
T_median,D4_MTD,0.4,0.118667,0.031957,0.427667,attack_frac=0.20,0.0778,0.064,0.2529,2.738,0.01,16,2.29,O(k log k)
T_median,D4_MTD,0.5,0.118667,0.031957,0.427667,attack_frac=0.20,0.0778,0.064,0.2529,2.738,0.01,16,2.29,O(k log k)
T_median,D4_MTD,0.6,0.118667,0.031957,0.427667,attack_frac=0.20,0.0778,0.064,0.2529,2.738,0.01,16,2.29,O(k log k)
T_median,D4_MTD,0.7,0.118667,0.031957,0.427667,attack_frac=0.20,0.0778,0.064,0.2529,2.738,0.01,16,2.29,O(k log k)
T_median,D4_MTD,0.8,0.118667,0.031957,0.427667,attack_frac=0.20,0.0778,0.064,0.2529,2.738,0.01,16,2.29,O(k log k)
T4_EigenTrust,D4_MTD,0.2,0.141667,0.038111,,forge=0.00,-0.0498,0.0168,-0.0162,1.997,0.01,11400,1628.57,O(iters * E)
T4_EigenTrust,D4_MTD,0.3,0.193333,0.043979,,forge=0.00,-0.0498,0.0168,-0.0162,1.997,0.01,11400,1628.57,O(iters * E)
T4_EigenTrust,D4_MTD,0.4,0.255,0.052005,,forge=0.00,-0.0498,0.0168,-0.0162,1.997,0.01,11400,1628.57,O(iters * E)
T4_EigenTrust,D4_MTD,0.5,0.33,0.054341,,forge=0.00,-0.0498,0.0168,-0.0162,1.997,0.01,11400,1628.57,O(iters * E)
T4_EigenTrust,D4_MTD,0.6,0.385,0.056617,,forge=0.00,-0.0498,0.0168,-0.0162,1.997,0.01,11400,1628.57,O(iters * E)
T4_EigenTrust,D4_MTD,0.7,0.541667,0.058061,,forge=0.00,-0.0498,0.0168,-0.0162,1.997,0.01,11400,1628.57,O(iters * E)
T4_EigenTrust,D4_MTD,0.8,0.623333,0.057921,,forge=0.00,-0.0498,0.0168,-0.0162,1.997,0.01,11400,1628.57,O(iters * E)
T_meanvar_z,D4_MTD,0.2,0.933333,0.023215,,"w_m=0.80,m=0.27",0.5175,0.7285,2.3475,2.512,0.01,18,2.57,O(k)
T_meanvar_z,D4_MTD,0.3,0.971667,0.016121,,"w_m=0.70,m=0.28",0.5175,0.7285,2.3475,2.512,0.01,18,2.57,O(k)
T_meanvar_z,D4_MTD,0.4,0.976667,0.013945,,"w_m=0.60,m=0.28",0.5175,0.7285,2.3475,2.512,0.01,18,2.57,O(k)
T_meanvar_z,D4_MTD,0.5,0.983333,0.010889,,"w_m=0.50,m=0.26",0.5175,0.7285,2.3475,2.512,0.01,18,2.57,O(k)
T_meanvar_z,D4_MTD,0.6,0.986667,0.010044,,"w_m=0.40,m=0.21",0.5175,0.7285,2.3475,2.512,0.01,18,2.57,O(k)
T_meanvar_z,D4_MTD,0.7,0.993333,0.006434,,"w_m=0.30,m=0.12",0.5175,0.7285,2.3475,2.512,0.01,18,2.57,O(k)
T_meanvar_z,D4_MTD,0.8,0.995,0.005601,,"w_m=0.16,m=0.00",0.5175,0.7285,2.3475,2.512,0.01,18,2.57,O(k)
T1_mean,D5_Stochastic,0.2,0.0,0.0,,forge=0.00,0.4789,0.0683,0.6442,2.42,0.01,7,1.0,O(k)
T1_mean,D5_Stochastic,0.3,0.003333,0.004596,,forge=0.00,0.4789,0.0683,0.6442,2.42,0.01,7,1.0,O(k)
T1_mean,D5_Stochastic,0.4,0.008333,0.007155,,forge=0.00,0.4789,0.0683,0.6442,2.42,0.01,7,1.0,O(k)
T1_mean,D5_Stochastic,0.5,0.1,0.028622,,forge=0.00,0.4789,0.0683,0.6442,2.42,0.01,7,1.0,O(k)
T1_mean,D5_Stochastic,0.6,0.285,0.047189,,forge=0.00,0.4789,0.0683,0.6442,2.42,0.01,7,1.0,O(k)
T1_mean,D5_Stochastic,0.7,0.786333,0.04736,,forge=0.00,0.4789,0.0683,0.6442,2.42,0.01,7,1.0,O(k)
T1_mean,D5_Stochastic,0.8,0.934667,0.022764,,forge=0.00,0.4789,0.0683,0.6442,2.42,0.01,7,1.0,O(k)
T2_SL,D5_Stochastic,0.2,0.0,0.0,,forge=0.00,0.4824,0.0569,0.6201,2.42,0.01,20,2.86,O(k)
T2_SL,D5_Stochastic,0.3,0.003333,0.004596,,forge=0.00,0.4824,0.0569,0.6201,2.42,0.01,20,2.86,O(k)
T2_SL,D5_Stochastic,0.4,0.008333,0.007155,,forge=0.00,0.4824,0.0569,0.6201,2.42,0.01,20,2.86,O(k)
T2_SL,D5_Stochastic,0.5,0.1,0.028622,,forge=0.00,0.4824,0.0569,0.6201,2.42,0.01,20,2.86,O(k)
T2_SL,D5_Stochastic,0.6,0.285,0.047189,,forge=0.00,0.4824,0.0569,0.6201,2.42,0.01,20,2.86,O(k)
T2_SL,D5_Stochastic,0.7,0.786333,0.04736,,forge=0.00,0.4824,0.0569,0.6201,2.42,0.01,20,2.86,O(k)
T2_SL,D5_Stochastic,0.8,0.934667,0.022764,,forge=0.00,0.4824,0.0569,0.6201,2.42,0.01,20,2.86,O(k)
T3_Beta,D5_Stochastic,0.2,0.0,0.0,,forge=0.00,0.4824,0.0569,0.6201,2.42,0.01,20,2.86,O(k)
T3_Beta,D5_Stochastic,0.3,0.003333,0.004596,,forge=0.00,0.4824,0.0569,0.6201,2.42,0.01,20,2.86,O(k)
T3_Beta,D5_Stochastic,0.4,0.008333,0.007155,,forge=0.00,0.4824,0.0569,0.6201,2.42,0.01,20,2.86,O(k)
T3_Beta,D5_Stochastic,0.5,0.1,0.028622,,forge=0.00,0.4824,0.0569,0.6201,2.42,0.01,20,2.86,O(k)
T3_Beta,D5_Stochastic,0.6,0.285,0.047189,,forge=0.00,0.4824,0.0569,0.6201,2.42,0.01,20,2.86,O(k)
T3_Beta,D5_Stochastic,0.7,0.786333,0.04736,,forge=0.00,0.4824,0.0569,0.6201,2.42,0.01,20,2.86,O(k)
T3_Beta,D5_Stochastic,0.8,0.934667,0.022764,,forge=0.00,0.4824,0.0569,0.6201,2.42,0.01,20,2.86,O(k)
T5_TFLDT,D5_Stochastic,0.2,0.0,0.0,,forge=0.00,0.4789,0.0488,0.5986,2.456,0.01,20,2.86,O(k + deg)
T5_TFLDT,D5_Stochastic,0.3,0.001667,0.003267,,forge=0.00,0.4789,0.0488,0.5986,2.456,0.01,20,2.86,O(k + deg)
T5_TFLDT,D5_Stochastic,0.4,0.006667,0.006434,,forge=0.00,0.4789,0.0488,0.5986,2.456,0.01,20,2.86,O(k + deg)
T5_TFLDT,D5_Stochastic,0.5,0.1,0.028242,,forge=0.00,0.4789,0.0488,0.5986,2.456,0.01,20,2.86,O(k + deg)
T5_TFLDT,D5_Stochastic,0.6,0.286667,0.050024,,forge=0.00,0.4789,0.0488,0.5986,2.456,0.01,20,2.86,O(k + deg)
T5_TFLDT,D5_Stochastic,0.7,0.769667,0.050591,,forge=0.00,0.4789,0.0488,0.5986,2.456,0.01,20,2.86,O(k + deg)
T5_TFLDT,D5_Stochastic,0.8,0.913,0.025259,,forge=0.00,0.4789,0.0488,0.5986,2.456,0.01,20,2.86,O(k + deg)
T_max,D5_Stochastic,0.2,0.073333,0.022897,,cap=0.48,0.6577,0.1068,0.9073,2.338,0.01,6,0.86,O(k)
T_max,D5_Stochastic,0.3,0.073333,0.022897,,cap=0.48,0.6577,0.1068,0.9073,2.338,0.01,6,0.86,O(k)
T_max,D5_Stochastic,0.4,0.073333,0.022897,,cap=0.48,0.6577,0.1068,0.9073,2.338,0.01,6,0.86,O(k)
T_max,D5_Stochastic,0.5,0.073333,0.022897,,cap=0.48,0.6577,0.1068,0.9073,2.338,0.01,6,0.86,O(k)
T_max,D5_Stochastic,0.6,0.073333,0.022897,,cap=0.48,0.6577,0.1068,0.9073,2.338,0.01,6,0.86,O(k)
T_max,D5_Stochastic,0.7,0.073333,0.022897,,cap=0.48,0.6577,0.1068,0.9073,2.338,0.01,6,0.86,O(k)
T_max,D5_Stochastic,0.8,0.073333,0.022897,,cap=0.48,0.6577,0.1068,0.9073,2.338,0.01,6,0.86,O(k)
T_median,D5_Stochastic,0.2,0.122,0.032808,0.411,attack_frac=0.20,0.4799,0.0786,0.6646,2.349,0.01,16,2.29,O(k log k)
T_median,D5_Stochastic,0.3,0.122,0.032808,0.411,attack_frac=0.20,0.4799,0.0786,0.6646,2.349,0.01,16,2.29,O(k log k)
T_median,D5_Stochastic,0.4,0.122,0.032808,0.411,attack_frac=0.20,0.4799,0.0786,0.6646,2.349,0.01,16,2.29,O(k log k)
T_median,D5_Stochastic,0.5,0.122,0.032808,0.411,attack_frac=0.20,0.4799,0.0786,0.6646,2.349,0.01,16,2.29,O(k log k)
T_median,D5_Stochastic,0.6,0.122,0.032808,0.411,attack_frac=0.20,0.4799,0.0786,0.6646,2.349,0.01,16,2.29,O(k log k)
T_median,D5_Stochastic,0.7,0.122,0.032808,0.411,attack_frac=0.20,0.4799,0.0786,0.6646,2.349,0.01,16,2.29,O(k log k)
T_median,D5_Stochastic,0.8,0.122,0.032808,0.411,attack_frac=0.20,0.4799,0.0786,0.6646,2.349,0.01,16,2.29,O(k log k)
T4_EigenTrust,D5_Stochastic,0.2,0.036667,0.01711,,forge=0.00,-0.0498,0.0174,-0.0156,1.961,0.01,11400,1628.57,O(iters * E)
T4_EigenTrust,D5_Stochastic,0.3,0.058333,0.020437,,forge=0.00,-0.0498,0.0174,-0.0156,1.961,0.01,11400,1628.57,O(iters * E)
T4_EigenTrust,D5_Stochastic,0.4,0.091667,0.029135,,forge=0.00,-0.0498,0.0174,-0.0156,1.961,0.01,11400,1628.57,O(iters * E)
T4_EigenTrust,D5_Stochastic,0.5,0.123333,0.032375,,forge=0.00,-0.0498,0.0174,-0.0156,1.961,0.01,11400,1628.57,O(iters * E)
T4_EigenTrust,D5_Stochastic,0.6,0.155,0.039193,,forge=0.00,-0.0498,0.0174,-0.0156,1.961,0.01,11400,1628.57,O(iters * E)
T4_EigenTrust,D5_Stochastic,0.7,0.266667,0.050436,,forge=0.00,-0.0498,0.0174,-0.0156,1.961,0.01,11400,1628.57,O(iters * E)
T4_EigenTrust,D5_Stochastic,0.8,0.326667,0.051894,,forge=0.00,-0.0498,0.0174,-0.0156,1.961,0.01,11400,1628.57,O(iters * E)
T_meanvar_z,D5_Stochastic,0.2,0.486333,0.051553,,"w_m=0.80,m=0.51",0.5716,0.9288,3.3356,2.976,0.01,18,2.57,O(k)
T_meanvar_z,D5_Stochastic,0.3,0.659667,0.047516,,"w_m=0.70,m=0.51",0.5716,0.9288,3.3356,2.976,0.01,18,2.57,O(k)
T_meanvar_z,D5_Stochastic,0.4,0.768,0.039353,,"w_m=0.60,m=0.49",0.5716,0.9288,3.3356,2.976,0.01,18,2.57,O(k)
T_meanvar_z,D5_Stochastic,0.5,0.853333,0.033571,,"w_m=0.50,m=0.47",0.5716,0.9288,3.3356,2.976,0.01,18,2.57,O(k)
T_meanvar_z,D5_Stochastic,0.6,0.905,0.027957,,"w_m=0.40,m=0.43",0.5716,0.9288,3.3356,2.976,0.01,18,2.57,O(k)
T_meanvar_z,D5_Stochastic,0.7,0.96,0.018642,,"w_m=0.30,m=0.37",0.5716,0.9288,3.3356,2.976,0.01,18,2.57,O(k)
T_meanvar_z,D5_Stochastic,0.8,0.983333,0.009849,,"w_m=0.20,m=0.25",0.5716,0.9288,3.3356,2.976,0.01,18,2.57,O(k)
T1_mean,D6_DRL,0.2,0.587,0.05474,,forge=0.00,0.116,0.0525,0.2572,2.687,0.01,7,1.0,O(k)
T1_mean,D6_DRL,0.3,0.943333,0.02285,,forge=0.00,0.116,0.0525,0.2572,2.687,0.01,7,1.0,O(k)
T1_mean,D6_DRL,0.4,0.988333,0.008377,,forge=0.00,0.116,0.0525,0.2572,2.687,0.01,7,1.0,O(k)
T1_mean,D6_DRL,0.5,0.993333,0.006434,,forge=0.00,0.116,0.0525,0.2572,2.687,0.01,7,1.0,O(k)
T1_mean,D6_DRL,0.6,1.0,0.0,,forge=0.00,0.116,0.0525,0.2572,2.687,0.01,7,1.0,O(k)
T1_mean,D6_DRL,0.7,1.0,0.0,,forge=0.00,0.116,0.0525,0.2572,2.687,0.01,7,1.0,O(k)
T1_mean,D6_DRL,0.8,1.0,0.0,,forge=0.00,0.116,0.0525,0.2572,2.687,0.01,7,1.0,O(k)
T2_SL,D6_DRL,0.2,0.587,0.05474,,forge=0.00,0.18,0.0438,0.2977,2.687,0.01,20,2.86,O(k)
T2_SL,D6_DRL,0.3,0.943333,0.02285,,forge=0.00,0.18,0.0438,0.2977,2.687,0.01,20,2.86,O(k)
T2_SL,D6_DRL,0.4,0.988333,0.008377,,forge=0.00,0.18,0.0438,0.2977,2.687,0.01,20,2.86,O(k)
T2_SL,D6_DRL,0.5,0.993333,0.006434,,forge=0.00,0.18,0.0438,0.2977,2.687,0.01,20,2.86,O(k)
T2_SL,D6_DRL,0.6,1.0,0.0,,forge=0.00,0.18,0.0438,0.2977,2.687,0.01,20,2.86,O(k)
T2_SL,D6_DRL,0.7,1.0,0.0,,forge=0.00,0.18,0.0438,0.2977,2.687,0.01,20,2.86,O(k)
T2_SL,D6_DRL,0.8,1.0,0.0,,forge=0.00,0.18,0.0438,0.2977,2.687,0.01,20,2.86,O(k)
T3_Beta,D6_DRL,0.2,0.587,0.05474,,forge=0.00,0.18,0.0438,0.2977,2.687,0.01,20,2.86,O(k)
T3_Beta,D6_DRL,0.3,0.943333,0.02285,,forge=0.00,0.18,0.0438,0.2977,2.687,0.01,20,2.86,O(k)
T3_Beta,D6_DRL,0.4,0.988333,0.008377,,forge=0.00,0.18,0.0438,0.2977,2.687,0.01,20,2.86,O(k)
T3_Beta,D6_DRL,0.5,0.993333,0.006434,,forge=0.00,0.18,0.0438,0.2977,2.687,0.01,20,2.86,O(k)
T3_Beta,D6_DRL,0.6,1.0,0.0,,forge=0.00,0.18,0.0438,0.2977,2.687,0.01,20,2.86,O(k)
T3_Beta,D6_DRL,0.7,1.0,0.0,,forge=0.00,0.18,0.0438,0.2977,2.687,0.01,20,2.86,O(k)
T3_Beta,D6_DRL,0.8,1.0,0.0,,forge=0.00,0.18,0.0438,0.2977,2.687,0.01,20,2.86,O(k)
T5_TFLDT,D6_DRL,0.2,0.587,0.056675,,forge=0.00,0.1161,0.0375,0.217,2.693,0.01,20,2.86,O(k + deg)
T5_TFLDT,D6_DRL,0.3,0.921667,0.028792,,forge=0.00,0.1161,0.0375,0.217,2.693,0.01,20,2.86,O(k + deg)
T5_TFLDT,D6_DRL,0.4,0.978333,0.011978,,forge=0.00,0.1161,0.0375,0.217,2.693,0.01,20,2.86,O(k + deg)
T5_TFLDT,D6_DRL,0.5,0.99,0.007797,,forge=0.00,0.1161,0.0375,0.217,2.693,0.01,20,2.86,O(k + deg)
T5_TFLDT,D6_DRL,0.6,0.998333,0.003267,,forge=0.00,0.1161,0.0375,0.217,2.693,0.01,20,2.86,O(k + deg)
T5_TFLDT,D6_DRL,0.7,1.0,0.0,,forge=0.00,0.1161,0.0375,0.217,2.693,0.01,20,2.86,O(k + deg)
T5_TFLDT,D6_DRL,0.8,1.0,0.0,,forge=0.00,0.1161,0.0375,0.217,2.693,0.01,20,2.86,O(k + deg)
T_max,D6_DRL,0.2,0.073333,0.022897,,cap=0.09,0.2698,0.1054,0.5187,2.362,0.01,6,0.86,O(k)
T_max,D6_DRL,0.3,0.073333,0.022897,,cap=0.09,0.2698,0.1054,0.5187,2.362,0.01,6,0.86,O(k)
T_max,D6_DRL,0.4,0.073333,0.022897,,cap=0.09,0.2698,0.1054,0.5187,2.362,0.01,6,0.86,O(k)
T_max,D6_DRL,0.5,0.073333,0.022897,,cap=0.09,0.2698,0.1054,0.5187,2.362,0.01,6,0.86,O(k)
T_max,D6_DRL,0.6,0.073333,0.022897,,cap=0.09,0.2698,0.1054,0.5187,2.362,0.01,6,0.86,O(k)
T_max,D6_DRL,0.7,0.073333,0.022897,,cap=0.09,0.2698,0.1054,0.5187,2.362,0.01,6,0.86,O(k)
T_max,D6_DRL,0.8,0.073333,0.022897,,cap=0.09,0.2698,0.1054,0.5187,2.362,0.01,6,0.86,O(k)
T_median,D6_DRL,0.2,0.122,0.032808,0.427667,attack_frac=0.20,0.098,0.0686,0.276,2.595,0.01,16,2.29,O(k log k)
T_median,D6_DRL,0.3,0.122,0.032808,0.427667,attack_frac=0.20,0.098,0.0686,0.276,2.595,0.01,16,2.29,O(k log k)
T_median,D6_DRL,0.4,0.122,0.032808,0.427667,attack_frac=0.20,0.098,0.0686,0.276,2.595,0.01,16,2.29,O(k log k)
T_median,D6_DRL,0.5,0.122,0.032808,0.427667,attack_frac=0.20,0.098,0.0686,0.276,2.595,0.01,16,2.29,O(k log k)
T_median,D6_DRL,0.6,0.122,0.032808,0.427667,attack_frac=0.20,0.098,0.0686,0.276,2.595,0.01,16,2.29,O(k log k)
T_median,D6_DRL,0.7,0.122,0.032808,0.427667,attack_frac=0.20,0.098,0.0686,0.276,2.595,0.01,16,2.29,O(k log k)
T_median,D6_DRL,0.8,0.122,0.032808,0.427667,attack_frac=0.20,0.098,0.0686,0.276,2.595,0.01,16,2.29,O(k log k)
T4_EigenTrust,D6_DRL,0.2,0.136667,0.036964,,forge=0.00,-0.0498,0.0168,-0.0162,1.994,0.01,11400,1628.57,O(iters * E)
T4_EigenTrust,D6_DRL,0.3,0.181667,0.043579,,forge=0.00,-0.0498,0.0168,-0.0162,1.994,0.01,11400,1628.57,O(iters * E)
T4_EigenTrust,D6_DRL,0.4,0.241667,0.050941,,forge=0.00,-0.0498,0.0168,-0.0162,1.994,0.01,11400,1628.57,O(iters * E)
T4_EigenTrust,D6_DRL,0.5,0.316667,0.053647,,forge=0.00,-0.0498,0.0168,-0.0162,1.994,0.01,11400,1628.57,O(iters * E)
T4_EigenTrust,D6_DRL,0.6,0.37,0.055635,,forge=0.00,-0.0498,0.0168,-0.0162,1.994,0.01,11400,1628.57,O(iters * E)
T4_EigenTrust,D6_DRL,0.7,0.515,0.056883,,forge=0.00,-0.0498,0.0168,-0.0162,1.994,0.01,11400,1628.57,O(iters * E)
T4_EigenTrust,D6_DRL,0.8,0.603333,0.057577,,forge=0.00,-0.0498,0.0168,-0.0162,1.994,0.01,11400,1628.57,O(iters * E)
T_meanvar_z,D6_DRL,0.2,0.91,0.025608,,"w_m=0.80,m=0.27",0.4143,0.7764,2.3683,2.517,0.01,18,2.57,O(k)
T_meanvar_z,D6_DRL,0.3,0.966667,0.016741,,"w_m=0.70,m=0.29",0.4143,0.7764,2.3683,2.517,0.01,18,2.57,O(k)
T_meanvar_z,D6_DRL,0.4,0.973333,0.014476,,"w_m=0.60,m=0.28",0.4143,0.7764,2.3683,2.517,0.01,18,2.57,O(k)
T_meanvar_z,D6_DRL,0.5,0.981667,0.011273,,"w_m=0.50,m=0.26",0.4143,0.7764,2.3683,2.517,0.01,18,2.57,O(k)
T_meanvar_z,D6_DRL,0.6,0.983333,0.010889,,"w_m=0.40,m=0.21",0.4143,0.7764,2.3683,2.517,0.01,18,2.57,O(k)
T_meanvar_z,D6_DRL,0.7,0.993333,0.006434,,"w_m=0.30,m=0.12",0.4143,0.7764,2.3683,2.517,0.01,18,2.57,O(k)
T_meanvar_z,D6_DRL,0.8,0.995,0.005601,,"w_m=0.16,m=0.00",0.4143,0.7764,2.3683,2.517,0.01,18,2.57,O(k)
