defense,q_attack_frac,forge_target,attack_yield,tpr_mean,tpr_ci95,z_mu_mean,z_var_mean,binding_channel,effective_evasion
D1_RF,0.1,0.0,0.1,0.575,0.099069,1.9109,3.7765,variance,False
D1_RF,0.1,0.05,0.1,0.616667,0.085776,2.322,3.674,variance,False
D1_RF,0.1,0.1,0.1,0.716667,0.098,2.823,3.5105,variance,False
D1_RF,0.1,0.15,0.1,0.783333,0.085776,3.387,3.3163,mean,False
D1_RF,0.1,0.2,0.1,0.85,0.078242,4.0132,3.065,mean,False
D1_RF,0.1,0.3,0.1,0.958333,0.032451,5.3934,2.387,mean,False
D1_RF,0.2,0.0,0.2,0.966667,0.029977,3.4219,9.0307,variance,False
D1_RF,0.2,0.05,0.2,0.966667,0.029977,3.7829,8.5717,variance,False
D1_RF,0.2,0.1,0.2,0.966667,0.029977,4.2249,7.9954,variance,False
D1_RF,0.2,0.15,0.2,0.975,0.02676,4.7203,7.3605,variance,False
D1_RF,0.2,0.2,0.2,0.975,0.02676,5.2678,6.6541,variance,False
D1_RF,0.2,0.3,0.2,0.983333,0.022483,6.483,5.0685,mean,False
D1_RF,0.3,0.0,0.3,0.983333,0.022483,5.0221,12.6512,variance,False
D1_RF,0.3,0.05,0.3,0.983333,0.022483,5.3301,11.932,variance,False
D1_RF,0.3,0.1,0.3,0.983333,0.022483,5.7066,11.0538,variance,False
D1_RF,0.3,0.15,0.3,0.983333,0.022483,6.1312,10.0968,variance,False
D1_RF,0.3,0.2,0.3,0.983333,0.022483,6.6013,9.065,variance,False
D1_RF,0.3,0.3,0.3,0.983333,0.022483,7.6395,6.8634,mean,False
D1_RF,0.4,0.0,0.4,0.983333,0.022483,6.3585,14.1384,variance,False
D1_RF,0.4,0.05,0.4,0.983333,0.022483,6.6283,13.2947,variance,False
D1_RF,0.4,0.1,0.4,0.983333,0.022483,6.9598,12.2615,variance,False
D1_RF,0.4,0.15,0.4,0.983333,0.022483,7.3316,11.1389,variance,False
D1_RF,0.4,0.2,0.4,0.983333,0.022483,7.738,9.9559,variance,False
D1_RF,0.4,0.3,0.4,0.983333,0.022483,8.6285,7.4938,mean,False
D1_RF,0.5,0.0,0.5,0.983333,0.022483,7.8009,14.538,variance,False
D1_RF,0.5,0.05,0.5,0.983333,0.022483,8.0273,13.6287,variance,False
D1_RF,0.5,0.1,0.5,0.983333,0.022483,8.3065,12.5144,variance,False
D1_RF,0.5,0.15,0.5,0.983333,0.022483,8.6177,11.3154,variance,False
D1_RF,0.5,0.2,0.5,0.983333,0.022483,8.9579,10.0513,variance,False
D1_RF,0.5,0.3,0.5,0.983333,0.022483,9.6947,7.4951,mean,False
D1_RF,0.6,0.0,0.6,1.0,0.0,8.9171,14.1795,variance,False
D1_RF,0.6,0.05,0.6,1.0,0.0,9.1025,13.2891,variance,False
D1_RF,0.6,0.1,0.6,1.0,0.0,9.3337,12.1907,variance,False
D1_RF,0.6,0.15,0.6,1.0,0.0,9.5908,11.0194,variance,False
D1_RF,0.6,0.2,0.6,1.0,0.0,9.8747,9.7746,mean,False
D1_RF,0.6,0.3,0.6,1.0,0.0,10.4915,7.2621,mean,False
D1_RF,0.7,0.0,0.7,1.0,0.0,10.6603,11.7288,variance,False
D1_RF,0.7,0.05,0.7,1.0,0.0,10.7873,10.9682,variance,False
D1_RF,0.7,0.1,0.7,1.0,0.0,10.9445,10.0517,mean,False
D1_RF,0.7,0.15,0.7,1.0,0.0,11.1205,9.0682,mean,False
D1_RF,0.7,0.2,0.7,1.0,0.0,11.3154,8.0246,mean,False
D1_RF,0.7,0.3,0.7,1.0,0.0,11.7382,5.9342,mean,False
D1_RF,0.8,0.0,0.8,1.0,0.0,11.853,8.8201,mean,False
D1_RF,0.8,0.05,0.8,1.0,0.0,11.9434,8.2172,mean,False
D1_RF,0.8,0.1,0.8,1.0,0.0,12.0525,7.5095,mean,False
D1_RF,0.8,0.15,0.8,1.0,0.0,12.1751,6.7462,mean,False
D1_RF,0.8,0.2,0.8,1.0,0.0,12.3108,5.9369,mean,False
D1_RF,0.8,0.3,0.8,1.0,0.0,12.6035,4.3293,mean,False
D1_RF,0.9,0.0,0.9,1.0,0.0,12.9541,5.2736,mean,False
D1_RF,0.9,0.05,0.9,1.0,0.0,13.0046,4.9155,mean,False
D1_RF,0.9,0.1,0.9,1.0,0.0,13.0698,4.4632,mean,False
D1_RF,0.9,0.15,0.9,1.0,0.0,13.1424,3.9805,mean,False
D1_RF,0.9,0.2,0.9,1.0,0.0,13.2222,3.4719,mean,False
D1_RF,0.9,0.3,0.9,1.0,0.0,13.394,2.4609,mean,False
D1_RF,1.0,0.0,1.0,1.0,0.0,14.5743,-1.0089,mean,False
D1_RF,1.0,0.05,1.0,1.0,0.0,14.5743,-1.0089,mean,False
D1_RF,1.0,0.1,1.0,1.0,0.0,14.5743,-1.0089,mean,False
D1_RF,1.0,0.15,1.0,1.0,0.0,14.5743,-1.0089,mean,False
D1_RF,1.0,0.2,1.0,1.0,0.0,14.5743,-1.0089,mean,False
D1_RF,1.0,0.3,1.0,1.0,0.0,14.5743,-1.0089,mean,False
D2_CNN,0.1,0.0,0.1,0.566667,0.093001,1.7568,3.6957,variance,False
D2_CNN,0.1,0.05,0.1,0.6,0.086752,2.1679,3.5961,variance,False
D2_CNN,0.1,0.1,0.1,0.691667,0.101311,2.6688,3.4359,variance,False
D2_CNN,0.1,0.15,0.1,0.766667,0.083452,3.2328,3.2456,variance,False
D2_CNN,0.1,0.2,0.1,0.841667,0.076702,3.8591,2.9986,mean,False
D2_CNN,0.1,0.3,0.1,0.958333,0.032451,5.2393,2.33,mean,False
D2_CNN,0.2,0.0,0.2,0.958333,0.032451,3.2532,8.8557,variance,False
D2_CNN,0.2,0.05,0.2,0.966667,0.029977,3.6143,8.4027,variance,False
D2_CNN,0.2,0.1,0.2,0.966667,0.029977,4.0562,7.8338,variance,False
D2_CNN,0.2,0.15,0.2,0.975,0.02676,4.5516,7.2069,variance,False
D2_CNN,0.2,0.2,0.2,0.975,0.02676,5.0992,6.5096,variance,False
D2_CNN,0.2,0.3,0.2,0.983333,0.022483,6.3143,4.9443,mean,False
D2_CNN,0.3,0.0,0.3,0.983333,0.022483,4.837,12.4102,variance,False
D2_CNN,0.3,0.05,0.3,0.983333,0.022483,5.1449,11.6997,variance,False
D2_CNN,0.3,0.1,0.3,0.983333,0.022483,5.5214,10.832,variance,False
D2_CNN,0.3,0.15,0.3,0.983333,0.022483,5.9461,9.8866,variance,False
D2_CNN,0.3,0.2,0.3,0.983333,0.022483,6.4162,8.8676,variance,False
D2_CNN,0.3,0.3,0.3,0.983333,0.022483,7.4544,6.6944,mean,False
D2_CNN,0.4,0.0,0.4,0.983333,0.022483,6.1575,13.857,variance,False
D2_CNN,0.4,0.05,0.4,0.983333,0.022483,6.4273,13.0238,variance,False
D2_CNN,0.4,0.1,0.4,0.983333,0.022483,6.7588,12.0031,variance,False
D2_CNN,0.4,0.15,0.4,0.983333,0.022483,7.1307,10.8946,variance,False
D2_CNN,0.4,0.2,0.4,0.983333,0.022483,7.537,9.7269,variance,False
D2_CNN,0.4,0.3,0.4,0.983333,0.022483,8.4275,7.2988,mean,False
D2_CNN,0.5,0.0,0.5,0.983333,0.022483,7.5838,14.2513,variance,False
D2_CNN,0.5,0.05,0.5,0.983333,0.022483,7.8102,13.3535,variance,False
D2_CNN,0.5,0.1,0.5,0.983333,0.022483,8.0894,12.2528,variance,False
D2_CNN,0.5,0.15,0.5,0.983333,0.022483,8.4006,11.0689,variance,False
D2_CNN,0.5,0.2,0.5,0.983333,0.022483,8.7408,9.8214,variance,False
D2_CNN,0.5,0.3,0.5,0.983333,0.022483,9.4776,7.3013,mean,False
D2_CNN,0.6,0.0,0.6,1.0,0.0,8.6889,13.9115,variance,False
D2_CNN,0.6,0.05,0.6,1.0,0.0,8.8743,13.0318,variance,False
D2_CNN,0.6,0.1,0.6,1.0,0.0,9.1054,11.9463,variance,False
D2_CNN,0.6,0.15,0.6,1.0,0.0,9.3626,10.7892,variance,False
D2_CNN,0.6,0.2,0.6,1.0,0.0,9.6465,9.5602,mean,False
D2_CNN,0.6,0.3,0.6,1.0,0.0,10.2633,7.0823,mean,False
D2_CNN,0.7,0.0,0.7,1.0,0.0,10.4133,11.5196,variance,False
D2_CNN,0.7,0.05,0.7,1.0,0.0,10.5403,10.7677,variance,False
D2_CNN,0.7,0.1,0.7,1.0,0.0,10.6975,9.8618,mean,False
D2_CNN,0.7,0.15,0.7,1.0,0.0,10.8734,8.8899,mean,False
D2_CNN,0.7,0.2,0.7,1.0,0.0,11.0684,7.8595,mean,False
D2_CNN,0.7,0.3,0.7,1.0,0.0,11.4912,5.7978,mean,False
D2_CNN,0.8,0.0,0.8,1.0,0.0,11.593,8.6707,mean,False
D2_CNN,0.8,0.05,0.8,1.0,0.0,11.6834,8.0748,mean,False
D2_CNN,0.8,0.1,0.8,1.0,0.0,11.7925,7.3756,mean,False
D2_CNN,0.8,0.15,0.8,1.0,0.0,11.9151,6.6216,mean,False
D2_CNN,0.8,0.2,0.8,1.0,0.0,12.0508,5.8228,mean,False
D2_CNN,0.8,0.3,0.8,1.0,0.0,12.3434,4.238,mean,False
D2_CNN,0.9,0.0,0.9,1.0,0.0,12.6825,5.2095,mean,False
D2_CNN,0.9,0.05,0.9,1.0,0.0,12.733,4.8556,mean,False
D2_CNN,0.9,0.1,0.9,1.0,0.0,12.7982,4.4085,mean,False
D2_CNN,0.9,0.15,0.9,1.0,0.0,12.8707,3.9317,mean,False
D2_CNN,0.9,0.2,0.9,1.0,0.0,12.9505,3.4296,mean,False
D2_CNN,0.9,0.3,0.9,1.0,0.0,13.1224,2.4324,mean,False
D2_CNN,1.0,0.0,1.0,1.0,0.0,14.283,-0.9347,mean,False
D2_CNN,1.0,0.05,1.0,1.0,0.0,14.283,-0.9347,mean,False
D2_CNN,1.0,0.1,1.0,1.0,0.0,14.283,-0.9347,mean,False
D2_CNN,1.0,0.15,1.0,1.0,0.0,14.283,-0.9347,mean,False
D2_CNN,1.0,0.2,1.0,1.0,0.0,14.283,-0.9347,mean,False
D2_CNN,1.0,0.3,1.0,1.0,0.0,14.283,-0.9347,mean,False
D3_RHMD,0.1,0.0,0.1,0.533333,0.090553,-1.0532,3.0461,variance,False
D3_RHMD,0.1,0.05,0.1,0.541667,0.088276,-0.6421,2.9697,variance,False
D3_RHMD,0.1,0.1,0.1,0.55,0.092091,-0.1412,2.8381,variance,False
D3_RHMD,0.1,0.15,0.1,0.541667,0.097353,0.4228,2.6796,variance,False
D3_RHMD,0.1,0.2,0.1,0.583333,0.090243,1.0491,2.4678,variance,False
D3_RHMD,0.1,0.3,0.1,0.733333,0.098856,2.4293,1.8772,mean,False
D3_RHMD,0.2,0.0,0.2,0.941667,0.042888,0.3215,7.4511,variance,False
D3_RHMD,0.2,0.05,0.2,0.933333,0.043699,0.6826,7.0477,variance,False
D3_RHMD,0.2,0.1,0.2,0.933333,0.043699,1.1245,6.5402,variance,False
D3_RHMD,0.2,0.15,0.2,0.916667,0.050273,1.6199,5.982,variance,False
D3_RHMD,0.2,0.2,0.2,0.925,0.044178,2.1675,5.3602,variance,False
D3_RHMD,0.2,0.3,0.2,0.925,0.055452,3.3827,3.9637,variance,False
D3_RHMD,0.3,0.0,0.3,0.983333,0.022483,1.771,10.4575,variance,False
D3_RHMD,0.3,0.05,0.3,0.975,0.02676,2.0789,9.8179,variance,False
D3_RHMD,0.3,0.1,0.3,0.975,0.02676,2.4555,9.0369,variance,False
D3_RHMD,0.3,0.15,0.3,0.966667,0.029977,2.8801,8.1883,variance,False
D3_RHMD,0.3,0.2,0.3,0.966667,0.029977,3.3502,7.2756,variance,False
D3_RHMD,0.3,0.3,0.3,0.958333,0.040183,4.3884,5.3386,variance,False
D3_RHMD,0.4,0.0,0.4,0.983333,0.022483,2.9681,11.6266,variance,False
D3_RHMD,0.4,0.05,0.4,0.983333,0.022483,3.2379,10.8758,variance,False
D3_RHMD,0.4,0.1,0.4,0.983333,0.022483,3.5694,9.9561,variance,False
D3_RHMD,0.4,0.15,0.4,0.983333,0.022483,3.9413,8.9614,variance,False
D3_RHMD,0.4,0.2,0.4,0.983333,0.022483,4.3476,7.9182,variance,False
D3_RHMD,0.4,0.3,0.4,0.975,0.035745,5.2381,5.7648,variance,False
D3_RHMD,0.5,0.0,0.5,0.983333,0.022483,4.2683,12.0078,variance,False
D3_RHMD,0.5,0.05,0.5,0.983333,0.022483,4.4947,11.197,variance,False
D3_RHMD,0.5,0.1,0.5,0.983333,0.022483,4.7739,10.2026,variance,False
D3_RHMD,0.5,0.15,0.5,0.983333,0.022483,5.0851,9.1376,variance,False
D3_RHMD,0.5,0.2,0.5,0.983333,0.022483,5.4254,8.0207,variance,False
D3_RHMD,0.5,0.3,0.5,0.983333,0.022483,6.1622,5.786,mean,False
D3_RHMD,0.6,0.0,0.6,1.0,0.0,5.2826,11.7679,variance,False
D3_RHMD,0.6,0.05,0.6,1.0,0.0,5.4681,10.971,variance,False
D3_RHMD,0.6,0.1,0.6,1.0,0.0,5.6992,9.9881,variance,False
D3_RHMD,0.6,0.15,0.6,1.0,0.0,5.9564,8.9454,variance,False
D3_RHMD,0.6,0.2,0.6,1.0,0.0,6.2402,7.8432,variance,False
D3_RHMD,0.6,0.3,0.6,1.0,0.0,6.857,5.643,mean,False
D3_RHMD,0.7,0.0,0.7,1.0,0.0,6.8641,9.8332,variance,False
D3_RHMD,0.7,0.05,0.7,1.0,0.0,6.9911,9.1494,variance,False
D3_RHMD,0.7,0.1,0.7,1.0,0.0,7.1483,8.3263,variance,False
D3_RHMD,0.7,0.15,0.7,1.0,0.0,7.3242,7.448,variance,False
D3_RHMD,0.7,0.2,0.7,1.0,0.0,7.5191,6.5223,mean,False
D3_RHMD,0.7,0.3,0.7,1.0,0.0,7.942,4.6895,mean,False
D3_RHMD,0.8,0.0,0.8,1.0,0.0,7.9459,7.4554,mean,False
D3_RHMD,0.8,0.05,0.8,1.0,0.0,8.0363,6.9139,mean,False
D3_RHMD,0.8,0.1,0.8,1.0,0.0,8.1454,6.2802,mean,False
D3_RHMD,0.8,0.15,0.8,1.0,0.0,8.2681,5.6005,mean,False
D3_RHMD,0.8,0.2,0.8,1.0,0.0,8.4037,4.8844,mean,False
D3_RHMD,0.8,0.3,0.8,1.0,0.0,8.6964,3.4791,mean,False
D3_RHMD,0.9,0.0,0.9,1.0,0.0,8.9443,4.6362,mean,False
D3_RHMD,0.9,0.05,0.9,1.0,0.0,8.9948,4.3136,mean,False
D3_RHMD,0.9,0.1,0.9,1.0,0.0,9.06,3.9069,mean,False
D3_RHMD,0.9,0.15,0.9,1.0,0.0,9.1325,3.4752,mean,False
D3_RHMD,0.9,0.2,0.9,1.0,0.0,9.2123,3.0228,mean,False
D3_RHMD,0.9,0.3,0.9,1.0,0.0,9.3842,2.1329,mean,False
D3_RHMD,1.0,0.0,1.0,1.0,0.0,10.3973,-0.4888,mean,False
D3_RHMD,1.0,0.05,1.0,1.0,0.0,10.3973,-0.4888,mean,False
D3_RHMD,1.0,0.1,1.0,1.0,0.0,10.3973,-0.4888,mean,False
D3_RHMD,1.0,0.15,1.0,1.0,0.0,10.3973,-0.4888,mean,False
D3_RHMD,1.0,0.2,1.0,1.0,0.0,10.3973,-0.4888,mean,False
D3_RHMD,1.0,0.3,1.0,1.0,0.0,10.3973,-0.4888,mean,False
D4_MTD,0.1,0.0,0.1,0.55,0.092091,1.1253,3.6362,variance,False
D4_MTD,0.1,0.05,0.1,0.583333,0.096265,1.5364,3.5386,variance,False
D4_MTD,0.1,0.1,0.1,0.625,0.091402,2.0374,3.381,variance,False
D4_MTD,0.1,0.15,0.1,0.725,0.08954,2.6014,3.1936,variance,False
D4_MTD,0.1,0.2,0.1,0.791667,0.074473,3.2276,2.9497,mean,False
D4_MTD,0.1,0.3,0.1,0.925,0.050133,4.6078,2.2881,mean,False
D4_MTD,0.2,0.0,0.2,0.958333,0.032451,2.611,8.7275,variance,False
D4_MTD,0.2,0.05,0.2,0.966667,0.029977,2.9721,8.2789,variance,False
D4_MTD,0.2,0.1,0.2,0.966667,0.029977,3.414,7.7154,variance,False
D4_MTD,0.2,0.15,0.2,0.966667,0.029977,3.9094,7.0947,variance,False
D4_MTD,0.2,0.2,0.2,0.975,0.02676,4.457,6.4041,variance,False
D4_MTD,0.2,0.3,0.2,0.975,0.02676,5.6722,4.8539,mean,False
D4_MTD,0.3,0.0,0.3,0.983333,0.022483,4.1817,12.2271,variance,False
D4_MTD,0.3,0.05,0.3,0.983333,0.022483,4.4896,11.5231,variance,False
D4_MTD,0.3,0.1,0.3,0.983333,0.022483,4.8662,10.6634,variance,False
D4_MTD,0.3,0.15,0.3,0.983333,0.022483,5.2908,9.7269,variance,False
D4_MTD,0.3,0.2,0.3,0.983333,0.022483,5.7609,8.7177,variance,False
D4_MTD,0.3,0.3,0.3,0.983333,0.022483,6.7991,6.5661,mean,False
D4_MTD,0.4,0.0,0.4,0.983333,0.022483,5.4901,13.6435,variance,False
D4_MTD,0.4,0.05,0.4,0.983333,0.022483,5.76,12.8181,variance,False
D4_MTD,0.4,0.1,0.4,0.983333,0.022483,6.0915,11.807,variance,False
D4_MTD,0.4,0.15,0.4,0.983333,0.022483,6.4633,10.7092,variance,False
D4_MTD,0.4,0.2,0.4,0.983333,0.022483,6.8697,9.5532,variance,False
D4_MTD,0.4,0.3,0.4,0.983333,0.022483,7.7602,7.1509,mean,False
D4_MTD,0.5,0.0,0.5,0.983333,0.022483,6.9044,14.0367,variance,False
D4_MTD,0.5,0.05,0.5,0.983333,0.022483,7.1308,13.1474,variance,False
D4_MTD,0.5,0.1,0.5,0.983333,0.022483,7.41,12.0568,variance,False
D4_MTD,0.5,0.15,0.5,0.983333,0.022483,7.7212,10.8843,variance,False
D4_MTD,0.5,0.2,0.5,0.983333,0.022483,8.0614,9.6492,variance,False
D4_MTD,0.5,0.3,0.5,0.983333,0.022483,8.7982,7.1563,mean,False
D4_MTD,0.6,0.0,0.6,1.0,0.0,8.001,13.7092,variance,False
D4_MTD,0.6,0.05,0.6,1.0,0.0,8.1864,12.8375,variance,False
D4_MTD,0.6,0.1,0.6,1.0,0.0,8.4175,11.7618,variance,False
D4_MTD,0.6,0.15,0.6,1.0,0.0,8.6747,10.6154,variance,False
D4_MTD,0.6,0.2,0.6,1.0,0.0,8.9586,9.3985,variance,False
D4_MTD,0.6,0.3,0.6,1.0,0.0,9.5754,6.9468,mean,False
D4_MTD,0.7,0.0,0.7,1.0,0.0,9.7114,11.3615,variance,False
D4_MTD,0.7,0.05,0.7,1.0,0.0,9.8384,10.6161,variance,False
D4_MTD,0.7,0.1,0.7,1.0,0.0,9.9956,9.718,mean,False
D4_MTD,0.7,0.15,0.7,1.0,0.0,10.1715,8.755,mean,False
D4_MTD,0.7,0.2,0.7,1.0,0.0,10.3665,7.7346,mean,False
D4_MTD,0.7,0.3,0.7,1.0,0.0,10.7893,5.6947,mean,False
D4_MTD,0.8,0.0,0.8,1.0,0.0,10.8812,8.558,mean,False
D4_MTD,0.8,0.05,0.8,1.0,0.0,10.9716,7.9673,mean,False
D4_MTD,0.8,0.1,0.8,1.0,0.0,11.0807,7.2742,mean,False
D4_MTD,0.8,0.15,0.8,1.0,0.0,11.2033,6.5273,mean,False
D4_MTD,0.8,0.2,0.8,1.0,0.0,11.339,5.7364,mean,False
D4_MTD,0.8,0.3,0.8,1.0,0.0,11.6316,4.1688,mean,False
D4_MTD,0.9,0.0,0.9,1.0,0.0,11.9614,5.16,mean,False
D4_MTD,0.9,0.05,0.9,1.0,0.0,12.012,4.8092,mean,False
D4_MTD,0.9,0.1,0.9,1.0,0.0,12.0771,4.366,mean,False
D4_MTD,0.9,0.15,0.9,1.0,0.0,12.1497,3.8936,mean,False
D4_MTD,0.9,0.2,0.9,1.0,0.0,12.2295,3.3963,mean,False
D4_MTD,0.9,0.3,0.9,1.0,0.0,12.4013,2.4095,mean,False
D4_MTD,1.0,0.0,1.0,1.0,0.0,13.5468,-0.8815,mean,False
D4_MTD,1.0,0.05,1.0,1.0,0.0,13.5468,-0.8815,mean,False
D4_MTD,1.0,0.1,1.0,1.0,0.0,13.5468,-0.8815,mean,False
D4_MTD,1.0,0.15,1.0,1.0,0.0,13.5468,-0.8815,mean,False
D4_MTD,1.0,0.2,1.0,1.0,0.0,13.5468,-0.8815,mean,False
D4_MTD,1.0,0.3,1.0,1.0,0.0,13.5468,-0.8815,mean,False
D5_Stochastic,0.1,0.0,0.1,0.533333,0.090553,-5.4367,3.3662,variance,False
D5_Stochastic,0.1,0.05,0.1,0.541667,0.088276,-5.0256,3.2782,variance,False
D5_Stochastic,0.1,0.1,0.1,0.541667,0.088276,-4.5247,3.1325,variance,False
D5_Stochastic,0.1,0.15,0.1,0.533333,0.090553,-3.9607,2.9583,variance,False
D5_Stochastic,0.1,0.2,0.1,0.508333,0.099069,-3.3344,2.7289,variance,False
D5_Stochastic,0.1,0.3,0.1,0.433333,0.093001,-1.9542,2.0994,variance,False
D5_Stochastic,0.2,0.0,0.2,0.941667,0.042888,-4.0019,8.1372,variance,False
D5_Stochastic,0.2,0.05,0.2,0.941667,0.042888,-3.6408,7.7094,variance,False
D5_Stochastic,0.2,0.1,0.2,0.941667,0.042888,-3.1989,7.1716,variance,False
D5_Stochastic,0.2,0.15,0.2,0.933333,0.049711,-2.7035,6.5793,variance,False
D5_Stochastic,0.2,0.2,0.2,0.9,0.059954,-2.156,5.9201,variance,False
D5_Stochastic,0.2,0.3,0.2,0.8,0.077158,-0.9408,4.44,variance,False
D5_Stochastic,0.3,0.0,0.3,0.983333,0.022483,-2.4883,11.4013,variance,False
D5_Stochastic,0.3,0.05,0.3,0.983333,0.022483,-2.1804,10.7272,variance,False
D5_Stochastic,0.3,0.1,0.3,0.983333,0.022483,-1.8038,9.904,variance,False
D5_Stochastic,0.3,0.15,0.3,0.983333,0.022483,-1.3792,9.008,variance,False
D5_Stochastic,0.3,0.2,0.3,0.975,0.02676,-0.9091,8.0433,variance,False
D5_Stochastic,0.3,0.3,0.3,0.933333,0.043699,0.1291,5.9906,variance,False
D5_Stochastic,0.4,0.0,0.4,0.983333,0.022483,-1.2337,12.688,variance,False
D5_Stochastic,0.4,0.05,0.4,0.983333,0.022483,-0.9639,11.8978,variance,False
D5_Stochastic,0.4,0.1,0.4,0.983333,0.022483,-0.6324,10.9295,variance,False
D5_Stochastic,0.4,0.15,0.4,0.975,0.02676,-0.2606,9.88,variance,False
D5_Stochastic,0.4,0.2,0.4,0.975,0.02676,0.1458,8.7767,variance,False
D5_Stochastic,0.4,0.3,0.4,0.95,0.041726,1.0363,6.4907,variance,False
D5_Stochastic,0.5,0.0,0.5,0.983333,0.022483,0.1262,13.073,variance,False
D5_Stochastic,0.5,0.05,0.5,0.983333,0.022483,0.3526,12.2209,variance,False
D5_Stochastic,0.5,0.1,0.5,0.983333,0.022483,0.6318,11.1757,variance,False
D5_Stochastic,0.5,0.15,0.5,0.975,0.02676,0.943,10.0537,variance,False
D5_Stochastic,0.5,0.2,0.5,0.966667,0.029977,1.2832,8.8742,variance,False
D5_Stochastic,0.5,0.3,0.5,0.933333,0.049711,2.02,6.5028,variance,False
D5_Stochastic,0.6,0.0,0.6,0.991667,0.016333,1.1846,12.7921,variance,False
D5_Stochastic,0.6,0.05,0.6,0.991667,0.016333,1.37,11.9558,variance,False
D5_Stochastic,0.6,0.1,0.6,0.991667,0.016333,1.6012,10.9236,variance,False
D5_Stochastic,0.6,0.15,0.6,0.983333,0.022483,1.8583,9.8258,variance,False
D5_Stochastic,0.6,0.2,0.6,0.975,0.02676,2.1422,8.6627,variance,False
D5_Stochastic,0.6,0.3,0.6,0.958333,0.040183,2.759,6.3291,variance,False
D5_Stochastic,0.7,0.0,0.7,0.991667,0.016333,2.8346,10.6442,variance,False
D5_Stochastic,0.7,0.05,0.7,0.991667,0.016333,2.9616,9.9278,variance,False
D5_Stochastic,0.7,0.1,0.7,0.991667,0.016333,3.1188,9.0649,variance,False
D5_Stochastic,0.7,0.15,0.7,0.983333,0.022483,3.2947,8.1414,variance,False
D5_Stochastic,0.7,0.2,0.7,0.975,0.02676,3.4897,7.1654,variance,False
D5_Stochastic,0.7,0.3,0.7,0.958333,0.040183,3.9125,5.2227,variance,False
D5_Stochastic,0.8,0.0,0.8,0.991667,0.016333,3.9632,8.048,variance,False
D5_Stochastic,0.8,0.05,0.8,0.991667,0.016333,4.0536,7.4804,variance,False
D5_Stochastic,0.8,0.1,0.8,0.991667,0.016333,4.1627,6.8151,variance,False
D5_Stochastic,0.8,0.15,0.8,0.983333,0.022483,4.2853,6.0994,variance,False
D5_Stochastic,0.8,0.2,0.8,0.975,0.02676,4.421,5.3433,variance,False
D5_Stochastic,0.8,0.3,0.8,0.958333,0.040183,4.7136,3.8517,mean,False
D5_Stochastic,0.9,0.0,0.9,0.983333,0.022483,5.004,4.9242,mean,False
D5_Stochastic,0.9,0.05,0.9,0.983333,0.022483,5.0545,4.5868,mean,False
D5_Stochastic,0.9,0.1,0.9,0.983333,0.022483,5.1197,4.1608,mean,False
D5_Stochastic,0.9,0.15,0.9,0.983333,0.022483,5.1922,3.7076,mean,False
D5_Stochastic,0.9,0.2,0.9,0.983333,0.022483,5.272,3.2314,mean,False
D5_Stochastic,0.9,0.3,0.9,0.983333,0.022483,5.4439,2.2904,mean,False
D5_Stochastic,1.0,0.0,1.0,0.983333,0.022483,6.526,-0.6755,mean,False
D5_Stochastic,1.0,0.05,1.0,0.983333,0.022483,6.526,-0.6755,mean,False
D5_Stochastic,1.0,0.1,1.0,0.983333,0.022483,6.526,-0.6755,mean,False
D5_Stochastic,1.0,0.15,1.0,0.983333,0.022483,6.526,-0.6755,mean,False
D5_Stochastic,1.0,0.2,1.0,0.983333,0.022483,6.526,-0.6755,mean,False
D5_Stochastic,1.0,0.3,1.0,0.983333,0.022483,6.526,-0.6755,mean,False
D6_DRL,0.1,0.0,0.1,0.55,0.092091,0.7224,3.5177,variance,False
D6_DRL,0.1,0.05,0.1,0.575,0.090165,1.1335,3.4244,variance,False
D6_DRL,0.1,0.1,0.1,0.6,0.086752,1.6345,3.272,variance,False
D6_DRL,0.1,0.15,0.1,0.675,0.090165,2.1984,3.0904,variance,False
D6_DRL,0.1,0.2,0.1,0.766667,0.083452,2.8247,2.8529,variance,False
D6_DRL,0.1,0.3,0.1,0.916667,0.060421,4.2049,2.2053,mean,False
D6_DRL,0.2,0.0,0.2,0.958333,0.032451,2.1856,8.4662,variance,False
D6_DRL,0.2,0.05,0.2,0.958333,0.032451,2.5467,8.0267,variance,False
D6_DRL,0.2,0.1,0.2,0.966667,0.029977,2.9886,7.4745,variance,False
D6_DRL,0.2,0.15,0.2,0.966667,0.029977,3.484,6.8663,variance,False
D6_DRL,0.2,0.2,0.2,0.975,0.02676,4.0316,6.1894,variance,False
D6_DRL,0.2,0.3,0.2,0.975,0.02676,5.2468,4.6701,mean,False
D6_DRL,0.3,0.0,0.3,0.983333,0.022483,3.7308,11.861,variance,False
D6_DRL,0.3,0.05,0.3,0.983333,0.022483,4.0388,11.1703,variance,False
D6_DRL,0.3,0.1,0.3,0.983333,0.022483,4.4153,10.3267,variance,False
D6_DRL,0.3,0.15,0.3,0.983333,0.022483,4.84,9.4082,variance,False
D6_DRL,0.3,0.2,0.3,0.983333,0.022483,5.31,8.4188,variance,False
D6_DRL,0.3,0.3,0.3,0.983333,0.022483,6.3482,6.3109,mean,False
D6_DRL,0.4,0.0,0.4,0.983333,0.022483,5.0145,13.2146,variance,False
D6_DRL,0.4,0.05,0.4,0.983333,0.022483,5.2843,12.4051,variance,False
D6_DRL,0.4,0.1,0.4,0.983333,0.022483,5.6158,11.4131,variance,False
D6_DRL,0.4,0.15,0.4,0.983333,0.022483,5.9877,10.3369,variance,False
D6_DRL,0.4,0.2,0.4,0.983333,0.022483,6.394,9.2046,variance,False
D6_DRL,0.4,0.3,0.4,0.983333,0.022483,7.2845,6.8543,mean,False
D6_DRL,0.5,0.0,0.5,0.983333,0.022483,6.4042,13.6032,variance,False
D6_DRL,0.5,0.05,0.5,0.983333,0.022483,6.6305,12.7308,variance,False
D6_DRL,0.5,0.1,0.5,0.983333,0.022483,6.9097,11.6606,variance,False
D6_DRL,0.5,0.15,0.5,0.983333,0.022483,7.221,10.5109,variance,False
D6_DRL,0.5,0.2,0.5,0.983333,0.022483,7.5612,9.301,variance,False
D6_DRL,0.5,0.3,0.5,0.983333,0.022483,8.298,6.8627,mean,False
D6_DRL,0.6,0.0,0.6,1.0,0.0,7.4833,13.2968,variance,False
D6_DRL,0.6,0.05,0.6,1.0,0.0,7.6688,12.4411,variance,False
D6_DRL,0.6,0.1,0.6,1.0,0.0,7.8999,11.385,variance,False
D6_DRL,0.6,0.15,0.6,1.0,0.0,8.157,10.2606,variance,False
D6_DRL,0.6,0.2,0.6,1.0,0.0,8.4409,9.068,variance,False
D6_DRL,0.6,0.3,0.6,1.0,0.0,9.0577,6.6694,mean,False
D6_DRL,0.7,0.0,0.7,1.0,0.0,9.1664,11.0412,variance,False
D6_DRL,0.7,0.05,0.7,1.0,0.0,9.2934,10.3089,variance,False
D6_DRL,0.7,0.1,0.7,1.0,0.0,9.4505,9.4266,mean,False
D6_DRL,0.7,0.15,0.7,1.0,0.0,9.6265,8.4814,mean,False
D6_DRL,0.7,0.2,0.7,1.0,0.0,9.8214,7.481,mean,False
D6_DRL,0.7,0.3,0.7,1.0,0.0,10.2443,5.4848,mean,False
D6_DRL,0.8,0.0,0.8,1.0,0.0,10.3171,8.3297,mean,False
D6_DRL,0.8,0.05,0.8,1.0,0.0,10.4075,7.7494,mean,False
D6_DRL,0.8,0.1,0.8,1.0,0.0,10.5166,7.0688,mean,False
D6_DRL,0.8,0.15,0.8,1.0,0.0,10.6392,6.3359,mean,False
D6_DRL,0.8,0.2,0.8,1.0,0.0,10.7749,5.5607,mean,False
D6_DRL,0.8,0.3,0.8,1.0,0.0,11.0675,4.0274,mean,False
D6_DRL,0.9,0.0,0.9,1.0,0.0,11.3788,5.0558,mean,False
D6_DRL,0.9,0.05,0.9,1.0,0.0,11.4293,4.7111,mean,False
D6_DRL,0.9,0.1,0.9,1.0,0.0,11.4945,4.2757,mean,False
D6_DRL,0.9,0.15,0.9,1.0,0.0,11.5671,3.8119,mean,False
D6_DRL,0.9,0.2,0.9,1.0,0.0,11.6469,3.3242,mean,False
D6_DRL,0.9,0.3,0.9,1.0,0.0,11.8187,2.3582,mean,False
D6_DRL,1.0,0.0,1.0,1.0,0.0,12.935,-0.7835,mean,False
D6_DRL,1.0,0.05,1.0,1.0,0.0,12.935,-0.7835,mean,False
D6_DRL,1.0,0.1,1.0,1.0,0.0,12.935,-0.7835,mean,False
D6_DRL,1.0,0.15,1.0,1.0,0.0,12.935,-0.7835,mean,False
D6_DRL,1.0,0.2,1.0,1.0,0.0,12.935,-0.7835,mean,False
D6_DRL,1.0,0.3,1.0,1.0,0.0,12.935,-0.7835,mean,False
