tier,defense,scheme,q_attack_frac,tpr_mean,tpr_ci95,inversion_rate,edge_evasion_rate,op_count,cost_vs_T1,complexity,measured_threshold_z,forge,w_m,m
V0,D5_Stochastic,T1_mean,0.1,0.0,0.0,1.0,0.4667,7,1.0,O(k),2.2659,0.3,,
V0,D5_Stochastic,T2_SL,0.1,0.0,0.0,1.0,0.4667,20,2.86,O(k),2.2659,0.3,,
V0,D5_Stochastic,T3_Beta,0.1,0.0,0.0,1.0,0.4667,20,2.86,O(k),2.2659,0.3,,
V0,D5_Stochastic,T5_TFLDT,0.1,0.0,0.0,1.0,0.4667,20,2.86,O(k + deg),2.2659,0.3,,
V0,D5_Stochastic,T_max,0.1,0.422222,0.109818,0.2667,0.4667,6,0.86,O(k),2.2659,0.3,,
V0,D5_Stochastic,T_median,0.1,0.0,0.0,1.0,0.4667,16,2.29,O(k log k),2.2659,0.3,,
V0,D5_Stochastic,T4_EigenTrust,0.1,0.033333,0.047285,0.8,0.4667,11400,1628.57,O(iters * E),2.2659,0.3,,
V0,D5_Stochastic,T_meanvar_z,0.1,0.422222,0.105089,0.1333,0.4667,18,2.57,O(k),2.2659,0.3,,
V0T,D5_Stochastic,T1_mean,0.1,0.0,0.0,1.0,0.4667,7,1.0,O(k),2.2659,0.3,,
V0T,D5_Stochastic,T2_SL,0.1,0.0,0.0,1.0,0.4667,20,2.86,O(k),2.2659,0.3,,
V0T,D5_Stochastic,T3_Beta,0.1,0.0,0.0,1.0,0.4667,20,2.86,O(k),2.2659,0.3,,
V0T,D5_Stochastic,T5_TFLDT,0.1,0.0,0.0,1.0,0.4667,20,2.86,O(k + deg),2.2659,0.3,,
V0T,D5_Stochastic,T_max,0.1,0.422222,0.109818,0.2667,0.4667,6,0.86,O(k),2.2659,0.3,,
V0T,D5_Stochastic,T_median,0.1,0.0,0.0,1.0,0.4667,16,2.29,O(k log k),2.2659,0.3,,
V0T,D5_Stochastic,T4_EigenTrust,0.1,0.033333,0.047285,0.8,0.4667,11400,1628.57,O(iters * E),2.2659,0.3,,
V0T,D5_Stochastic,T_meanvar_z,0.1,0.422222,0.105089,0.1333,0.4667,18,2.57,O(k),2.2659,0.3,,
V1,D5_Stochastic,T1_mean,0.1,0.277778,0.141376,0.1333,0.9333,7,1.0,O(k),2.2659,,0.9,0.5042
V1,D5_Stochastic,T2_SL,0.1,0.277778,0.141376,0.1333,0.9333,20,2.86,O(k),2.2659,,0.9,0.5042
V1,D5_Stochastic,T3_Beta,0.1,0.277778,0.141376,0.1333,0.9333,20,2.86,O(k),2.2659,,0.9,0.5042
V1,D5_Stochastic,T5_TFLDT,0.1,0.277778,0.141376,0.1333,0.9333,20,2.86,O(k + deg),2.2659,,0.9,0.5042
V1,D5_Stochastic,T_max,0.1,0.311111,0.118712,0.1333,0.9333,6,0.86,O(k),2.2659,,0.9,0.5042
V1,D5_Stochastic,T_median,0.1,0.244444,0.122918,0.2,0.9333,16,2.29,O(k log k),2.2659,,0.9,0.5042
V1,D5_Stochastic,T4_EigenTrust,0.1,0.1,0.076776,0.3333,0.9333,11400,1628.57,O(iters * E),2.2659,,0.9,0.5042
V1,D5_Stochastic,T_meanvar_z,0.1,0.211111,0.125374,0.0667,0.9333,18,2.57,O(k),2.2659,,0.9,0.5042
V1T,D5_Stochastic,T1_mean,0.1,0.055556,0.061044,0.8667,0.8,7,1.0,O(k),2.2659,,0.8775,0.3841
V1T,D5_Stochastic,T2_SL,0.1,0.055556,0.061044,0.8667,0.8,20,2.86,O(k),2.2659,,0.8775,0.3841
V1T,D5_Stochastic,T3_Beta,0.1,0.055556,0.061044,0.8667,0.8,20,2.86,O(k),2.2659,,0.8775,0.3841
V1T,D5_Stochastic,T5_TFLDT,0.1,0.055556,0.061044,0.8667,0.8,20,2.86,O(k + deg),2.2659,,0.8775,0.3841
V1T,D5_Stochastic,T_max,0.1,0.222222,0.108889,0.4667,0.8,6,0.86,O(k),2.2659,,0.8775,0.3841
V1T,D5_Stochastic,T_median,0.1,0.055556,0.068867,0.8667,0.8,16,2.29,O(k log k),2.2659,,0.8775,0.3841
V1T,D5_Stochastic,T4_EigenTrust,0.1,0.066667,0.076776,0.6,0.8,11400,1628.57,O(iters * E),2.2659,,0.8775,0.3841
V1T,D5_Stochastic,T_meanvar_z,0.1,0.266667,0.122643,0.2,0.8,18,2.57,O(k),2.2659,,0.8775,0.3841
V0,D5_Stochastic,T1_mean,0.3,0.077778,0.062687,0.6667,0.9333,7,1.0,O(k),2.2659,0.3,,
V0,D5_Stochastic,T2_SL,0.3,0.077778,0.062687,0.6667,0.9333,20,2.86,O(k),2.2659,0.3,,
V0,D5_Stochastic,T3_Beta,0.3,0.077778,0.062687,0.6667,0.9333,20,2.86,O(k),2.2659,0.3,,
V0,D5_Stochastic,T5_TFLDT,0.3,0.077778,0.062687,0.6,0.9333,20,2.86,O(k + deg),2.2659,0.3,,
V0,D5_Stochastic,T_max,0.3,0.766667,0.076776,0.0,0.9333,6,0.86,O(k),2.2659,0.3,,
V0,D5_Stochastic,T_median,0.3,0.011111,0.021778,1.0,0.9333,16,2.29,O(k log k),2.2659,0.3,,
V0,D5_Stochastic,T4_EigenTrust,0.3,0.077778,0.077216,0.4667,0.9333,11400,1628.57,O(iters * E),2.2659,0.3,,
V0,D5_Stochastic,T_meanvar_z,0.3,0.911111,0.053976,0.0,0.9333,18,2.57,O(k),2.2659,0.3,,
V0T,D5_Stochastic,T1_mean,0.3,0.077778,0.062687,0.6667,0.9333,7,1.0,O(k),2.2659,0.3,,
V0T,D5_Stochastic,T2_SL,0.3,0.077778,0.062687,0.6667,0.9333,20,2.86,O(k),2.2659,0.3,,
V0T,D5_Stochastic,T3_Beta,0.3,0.077778,0.062687,0.6667,0.9333,20,2.86,O(k),2.2659,0.3,,
V0T,D5_Stochastic,T5_TFLDT,0.3,0.077778,0.062687,0.6,0.9333,20,2.86,O(k + deg),2.2659,0.3,,
V0T,D5_Stochastic,T_max,0.3,0.766667,0.076776,0.0,0.9333,6,0.86,O(k),2.2659,0.3,,
V0T,D5_Stochastic,T_median,0.3,0.011111,0.021778,1.0,0.9333,16,2.29,O(k log k),2.2659,0.3,,
V0T,D5_Stochastic,T4_EigenTrust,0.3,0.077778,0.077216,0.4667,0.9333,11400,1628.57,O(iters * E),2.2659,0.3,,
V0T,D5_Stochastic,T_meanvar_z,0.3,0.911111,0.053976,0.0,0.9333,18,2.57,O(k),2.2659,0.3,,
V1,D5_Stochastic,T1_mean,0.3,0.622222,0.151105,0.0,1.0,7,1.0,O(k),2.2659,,0.7,0.5081
V1,D5_Stochastic,T2_SL,0.3,0.622222,0.151105,0.0,1.0,20,2.86,O(k),2.2659,,0.7,0.5081
V1,D5_Stochastic,T3_Beta,0.3,0.622222,0.151105,0.0,1.0,20,2.86,O(k),2.2659,,0.7,0.5081
V1,D5_Stochastic,T5_TFLDT,0.3,0.577778,0.158971,0.0,1.0,20,2.86,O(k + deg),2.2659,,0.7,0.5081
V1,D5_Stochastic,T_max,0.3,0.677778,0.133234,0.0,1.0,6,0.86,O(k),2.2659,,0.7,0.5081
V1,D5_Stochastic,T_median,0.3,0.488889,0.144223,0.0,1.0,16,2.29,O(k log k),2.2659,,0.7,0.5081
V1,D5_Stochastic,T4_EigenTrust,0.3,0.111111,0.08827,0.1333,1.0,11400,1628.57,O(iters * E),2.2659,,0.7,0.5081
V1,D5_Stochastic,T_meanvar_z,0.3,0.588889,0.149074,0.0,1.0,18,2.57,O(k),2.2659,,0.7,0.5081
V1T,D5_Stochastic,T1_mean,0.3,0.644444,0.149074,0.0,0.9333,7,1.0,O(k),2.2659,,0.7,0.5305
V1T,D5_Stochastic,T2_SL,0.3,0.644444,0.149074,0.0,0.9333,20,2.86,O(k),2.2659,,0.7,0.5305
V1T,D5_Stochastic,T3_Beta,0.3,0.644444,0.149074,0.0,0.9333,20,2.86,O(k),2.2659,,0.7,0.5305
V1T,D5_Stochastic,T5_TFLDT,0.3,0.622222,0.157688,0.0,0.9333,20,2.86,O(k + deg),2.2659,,0.7,0.5305
V1T,D5_Stochastic,T_max,0.3,0.677778,0.133234,0.0,0.9333,6,0.86,O(k),2.2659,,0.7,0.5305
V1T,D5_Stochastic,T_median,0.3,0.544444,0.140655,0.0,0.9333,16,2.29,O(k log k),2.2659,,0.7,0.5305
V1T,D5_Stochastic,T4_EigenTrust,0.3,0.133333,0.091289,0.1333,0.9333,11400,1628.57,O(iters * E),2.2659,,0.7,0.5305
V1T,D5_Stochastic,T_meanvar_z,0.3,0.644444,0.130926,0.0,0.9333,18,2.57,O(k),2.2659,,0.7,0.5305
V0,D5_Stochastic,T1_mean,0.5,0.477778,0.149074,0.0,1.0,7,1.0,O(k),2.2659,0.3,,
V0,D5_Stochastic,T2_SL,0.5,0.477778,0.149074,0.0,1.0,20,2.86,O(k),2.2659,0.3,,
V0,D5_Stochastic,T3_Beta,0.5,0.477778,0.149074,0.0,1.0,20,2.86,O(k),2.2659,0.3,,
V0,D5_Stochastic,T5_TFLDT,0.5,0.433333,0.171083,0.0,1.0,20,2.86,O(k + deg),2.2659,0.3,,
V0,D5_Stochastic,T_max,0.5,0.855556,0.070328,0.0,1.0,6,0.86,O(k),2.2659,0.3,,
V0,D5_Stochastic,T_median,0.5,0.5,0.100812,0.0,1.0,16,2.29,O(k log k),2.2659,0.3,,
V0,D5_Stochastic,T4_EigenTrust,0.5,0.144444,0.109818,0.0667,1.0,11400,1628.57,O(iters * E),2.2659,0.3,,
V0,D5_Stochastic,T_meanvar_z,0.5,0.911111,0.062687,0.0,1.0,18,2.57,O(k),2.2659,0.3,,
V0T,D5_Stochastic,T1_mean,0.5,0.477778,0.149074,0.0,1.0,7,1.0,O(k),2.2659,0.3,,
V0T,D5_Stochastic,T2_SL,0.5,0.477778,0.149074,0.0,1.0,20,2.86,O(k),2.2659,0.3,,
V0T,D5_Stochastic,T3_Beta,0.5,0.477778,0.149074,0.0,1.0,20,2.86,O(k),2.2659,0.3,,
V0T,D5_Stochastic,T5_TFLDT,0.5,0.433333,0.171083,0.0,1.0,20,2.86,O(k + deg),2.2659,0.3,,
V0T,D5_Stochastic,T_max,0.5,0.855556,0.070328,0.0,1.0,6,0.86,O(k),2.2659,0.3,,
V0T,D5_Stochastic,T_median,0.5,0.5,0.100812,0.0,1.0,16,2.29,O(k log k),2.2659,0.3,,
V0T,D5_Stochastic,T4_EigenTrust,0.5,0.144444,0.109818,0.0667,1.0,11400,1628.57,O(iters * E),2.2659,0.3,,
V0T,D5_Stochastic,T_meanvar_z,0.5,0.911111,0.062687,0.0,1.0,18,2.57,O(k),2.2659,0.3,,
V1,D5_Stochastic,T1_mean,0.5,0.822222,0.144223,0.0,1.0,7,1.0,O(k),2.2659,,0.5,0.4708
V1,D5_Stochastic,T2_SL,0.5,0.822222,0.144223,0.0,1.0,20,2.86,O(k),2.2659,,0.5,0.4708
V1,D5_Stochastic,T3_Beta,0.5,0.822222,0.144223,0.0,1.0,20,2.86,O(k),2.2659,,0.5,0.4708
V1,D5_Stochastic,T5_TFLDT,0.5,0.788889,0.157688,0.0,1.0,20,2.86,O(k + deg),2.2659,,0.5,0.4708
V1,D5_Stochastic,T_max,0.5,0.866667,0.091289,0.0,1.0,6,0.86,O(k),2.2659,,0.5,0.4708
V1,D5_Stochastic,T_median,0.5,0.688889,0.142093,0.0,1.0,16,2.29,O(k log k),2.2659,,0.5,0.4708
V1,D5_Stochastic,T4_EigenTrust,0.5,0.188889,0.114352,0.0667,1.0,11400,1628.57,O(iters * E),2.2659,,0.5,0.4708
V1,D5_Stochastic,T_meanvar_z,0.5,0.866667,0.079379,0.0,1.0,18,2.57,O(k),2.2659,,0.5,0.4708
V1T,D5_Stochastic,T1_mean,0.5,0.9,0.122643,0.0,1.0,7,1.0,O(k),2.2659,,0.5,0.5629
V1T,D5_Stochastic,T2_SL,0.5,0.9,0.122643,0.0,1.0,20,2.86,O(k),2.2659,,0.5,0.5629
V1T,D5_Stochastic,T3_Beta,0.5,0.9,0.122643,0.0,1.0,20,2.86,O(k),2.2659,,0.5,0.5629
V1T,D5_Stochastic,T5_TFLDT,0.5,0.855556,0.149074,0.0,1.0,20,2.86,O(k + deg),2.2659,,0.5,0.5629
V1T,D5_Stochastic,T_max,0.5,0.877778,0.081068,0.0,1.0,6,0.86,O(k),2.2659,,0.5,0.5629
V1T,D5_Stochastic,T_median,0.5,0.855556,0.130926,0.0,1.0,16,2.29,O(k log k),2.2659,,0.5,0.5629
V1T,D5_Stochastic,T4_EigenTrust,0.5,0.266667,0.130667,0.0,1.0,11400,1628.57,O(iters * E),2.2659,,0.5,0.5629
V1T,D5_Stochastic,T_meanvar_z,0.5,0.888889,0.068867,0.0,1.0,18,2.57,O(k),2.2659,,0.5,0.5629
V0,D5_Stochastic,T1_mean,0.8,0.966667,0.034922,0.0,1.0,7,1.0,O(k),2.2659,0.3,,
V0,D5_Stochastic,T2_SL,0.8,0.966667,0.034922,0.0,1.0,20,2.86,O(k),2.2659,0.3,,
V0,D5_Stochastic,T3_Beta,0.8,0.966667,0.034922,0.0,1.0,20,2.86,O(k),2.2659,0.3,,
V0,D5_Stochastic,T5_TFLDT,0.8,0.944444,0.052059,0.0,1.0,20,2.86,O(k + deg),2.2659,0.3,,
V0,D5_Stochastic,T_max,0.8,0.922222,0.053976,0.0,1.0,6,0.86,O(k),2.2659,0.3,,
V0,D5_Stochastic,T_median,0.8,0.977778,0.029678,0.0,1.0,16,2.29,O(k log k),2.2659,0.3,,
V0,D5_Stochastic,T4_EigenTrust,0.8,0.411111,0.162136,0.0,1.0,11400,1628.57,O(iters * E),2.2659,0.3,,
V0,D5_Stochastic,T_meanvar_z,0.8,0.944444,0.052059,0.0,1.0,18,2.57,O(k),2.2659,0.3,,
V0T,D5_Stochastic,T1_mean,0.8,0.966667,0.034922,0.0,1.0,7,1.0,O(k),2.2659,0.3,,
V0T,D5_Stochastic,T2_SL,0.8,0.966667,0.034922,0.0,1.0,20,2.86,O(k),2.2659,0.3,,
V0T,D5_Stochastic,T3_Beta,0.8,0.966667,0.034922,0.0,1.0,20,2.86,O(k),2.2659,0.3,,
V0T,D5_Stochastic,T5_TFLDT,0.8,0.944444,0.052059,0.0,1.0,20,2.86,O(k + deg),2.2659,0.3,,
V0T,D5_Stochastic,T_max,0.8,0.922222,0.053976,0.0,1.0,6,0.86,O(k),2.2659,0.3,,
V0T,D5_Stochastic,T_median,0.8,0.977778,0.029678,0.0,1.0,16,2.29,O(k log k),2.2659,0.3,,
V0T,D5_Stochastic,T4_EigenTrust,0.8,0.411111,0.162136,0.0,1.0,11400,1628.57,O(iters * E),2.2659,0.3,,
V0T,D5_Stochastic,T_meanvar_z,0.8,0.944444,0.052059,0.0,1.0,18,2.57,O(k),2.2659,0.3,,
V1,D5_Stochastic,T1_mean,0.8,0.888889,0.099117,0.0,1.0,7,1.0,O(k),2.2659,,0.2,0.2519
V1,D5_Stochastic,T2_SL,0.8,0.888889,0.099117,0.0,1.0,20,2.86,O(k),2.2659,,0.2,0.2519
V1,D5_Stochastic,T3_Beta,0.8,0.888889,0.099117,0.0,1.0,20,2.86,O(k),2.2659,,0.2,0.2519
V1,D5_Stochastic,T5_TFLDT,0.8,0.844444,0.140655,0.0,1.0,20,2.86,O(k + deg),2.2659,,0.2,0.2519
V1,D5_Stochastic,T_max,0.8,0.955556,0.050069,0.0,1.0,6,0.86,O(k),2.2659,,0.2,0.2519
V1,D5_Stochastic,T_median,0.8,0.911111,0.077216,0.0,1.0,16,2.29,O(k log k),2.2659,,0.2,0.2519
V1,D5_Stochastic,T4_EigenTrust,0.8,0.411111,0.134751,0.0,1.0,11400,1628.57,O(iters * E),2.2659,,0.2,0.2519
V1,D5_Stochastic,T_meanvar_z,0.8,0.988889,0.021778,0.0,1.0,18,2.57,O(k),2.2659,,0.2,0.2519
V1T,D5_Stochastic,T1_mean,0.8,0.944444,0.08827,0.0,1.0,7,1.0,O(k),2.2659,,0.2,0.4742
V1T,D5_Stochastic,T2_SL,0.8,0.944444,0.08827,0.0,1.0,20,2.86,O(k),2.2659,,0.2,0.4742
V1T,D5_Stochastic,T3_Beta,0.8,0.944444,0.08827,0.0,1.0,20,2.86,O(k),2.2659,,0.2,0.4742
V1T,D5_Stochastic,T5_TFLDT,0.8,0.9,0.134499,0.0,1.0,20,2.86,O(k + deg),2.2659,,0.2,0.4742
V1T,D5_Stochastic,T_max,0.8,0.955556,0.050069,0.0,1.0,6,0.86,O(k),2.2659,,0.2,0.4742
V1T,D5_Stochastic,T_median,0.8,0.922222,0.077216,0.0,1.0,16,2.29,O(k log k),2.2659,,0.2,0.4742
V1T,D5_Stochastic,T4_EigenTrust,0.8,0.477778,0.142093,0.0,1.0,11400,1628.57,O(iters * E),2.2659,,0.2,0.4742
V1T,D5_Stochastic,T_meanvar_z,0.8,0.955556,0.038608,0.0,1.0,18,2.57,O(k),2.2659,,0.2,0.4742
