defense,scheme,profile,N,sigma,phi,p,inclique,clique_forced,n_seeds,AUC,tpr_at_fpr01,gap,stealth,worst_vis
D1_RF,T1_mean,AP1,20,0.15,,,,False,100,,1.0,0.8672962009717922,0.0,0.8843986846271092
D1_RF,T1_mean,AP4_phi030,20,0.15,0.3,,,False,100,,0.9933333333333334,0.27254989947692976,0.985,0.2575431313662506
D1_RF,T1_mean,AP5_phi100_p10,20,0.15,1.0,10,,False,100,,1.0,0.8678427029601837,0.0,0.8795521139099509
D1_RF,T1_mean,AP6c_active,20,0.15,,,0.0,True,100,,0.9849999999999999,0.37134035149222294,0.74,0.29498803009924424
D1_RF,T_max,AP1,20,0.15,,,,False,100,,1.0,0.7983306036701187,0.0,0.990103733109625
D1_RF,T_max,AP4_phi030,20,0.15,0.3,,,False,100,,0.9916666666666667,0.7635429428535018,0.008333333333333333,0.8402201617345105
D1_RF,T_max,AP5_phi100_p10,20,0.15,1.0,10,,False,100,,1.0,0.7963095826624976,0.0,0.9780759669903399
D1_RF,T_max,AP6c_active,20,0.15,,,0.0,True,100,,0.99,0.7878758469734136,0.009999999999999998,0.9185657572127981
D1_RF,T_meanvar_z,AP1,20,0.15,,,,False,100,,1.0,13.478997504065797,0.0,10.834966783024981
D1_RF,T_meanvar_z,AP4_phi030,20,0.15,0.3,,,False,100,,0.9916666666666667,11.52657608810299,0.006666666666666666,8.254855076130974
D1_RF,T_meanvar_z,AP5_phi100_p10,20,0.15,1.0,10,,False,100,,1.0,13.498380711469974,0.0,10.708010575541255
D1_RF,T_meanvar_z,AP6c_active,20,0.15,,,0.0,True,100,,0.99,16.0466900659614,0.005,11.345935732170922
D1_RF,T4_EigenTrust,AP1,20,0.15,,,,False,100,,0.8916666666666666,0.052167937559612396,1.0,-0.02349021908306757
D1_RF,T4_EigenTrust,AP4_phi030,20,0.15,0.3,,,False,100,,0.20333333333333337,0.013856834276256683,1.0,-0.061425118438353195
D1_RF,T4_EigenTrust,AP5_phi100_p10,20,0.15,1.0,10,,False,100,,0.9083333333333334,0.052599683694148205,1.0,-0.02209243336880874
D1_RF,T4_EigenTrust,AP6c_active,20,0.15,,,0.0,True,100,,0.5216666666666666,0.037278558617013624,1.0,-0.03064080971412954
D1_RF,T5_TFLDT,AP1,20,0.15,,,,False,100,,1.0,0.5939385231085497,0.0,0.6804732738927178
D1_RF,T5_TFLDT,AP4_phi030,20,0.15,0.3,,,False,100,,0.9833333333333334,0.18684794778694302,1.0,0.22128002235676614
D1_RF,T5_TFLDT,AP5_phi100_p10,20,0.15,1.0,10,,False,100,,1.0,0.5938821008480609,0.0,0.6767596251009509
D1_RF,T5_TFLDT,AP6c_active,20,0.15,,,0.0,True,100,,0.9916666666666667,0.2879465432604576,0.9933333333333334,0.3133606545560059
D2_CNN,T1_mean,AP1,20,0.15,,,,False,100,,1.0,0.8527790653094595,0.0,0.8716050964573467
D2_CNN,T1_mean,AP4_phi030,20,0.15,0.3,,,False,100,,0.9916666666666667,0.2679714915283915,0.98,0.2568386150642283
D2_CNN,T1_mean,AP5_phi100_p10,20,0.15,1.0,10,,False,100,,1.0,0.7848925797505886,0.0016666666666666666,0.7812187686751555
D2_CNN,T1_mean,AP6c_active,20,0.15,,,0.0,True,100,,0.9816666666666666,0.3622497372017194,0.7366666666666666,0.29195668088526355
D2_CNN,T_max,AP1,20,0.15,,,,False,100,,1.0,0.7887519712622246,0.0,0.9859029219007089
D2_CNN,T_max,AP4_phi030,20,0.15,0.3,,,False,100,,0.9916666666666667,0.7488524504986649,0.008333333333333333,0.824732927432605
D2_CNN,T_max,AP5_phi100_p10,20,0.15,1.0,10,,False,100,,1.0,0.7682897356804783,0.0016666666666666666,0.9032356921578313
D2_CNN,T_max,AP6c_active,20,0.15,,,0.0,True,100,,0.99,0.7771132707838707,0.009999999999999998,0.9099095006373452
D2_CNN,T_meanvar_z,AP1,20,0.15,,,,False,100,,1.0,13.252622643321878,0.0,10.610336171724322
D2_CNN,T_meanvar_z,AP4_phi030,20,0.15,0.3,,,False,100,,0.9916666666666667,11.205860556462781,0.006666666666666666,7.816434530238978
D2_CNN,T_meanvar_z,AP5_phi100_p10,20,0.15,1.0,10,,False,100,,1.0,12.21407493930996,0.0,9.574415253501291
D2_CNN,T_meanvar_z,AP6c_active,20,0.15,,,0.0,True,100,,0.99,15.767647530776992,0.006666666666666666,11.024927540315296
D2_CNN,T4_EigenTrust,AP1,20,0.15,,,,False,100,,0.88,0.05116705773027503,1.0,-0.024507177163780508
D2_CNN,T4_EigenTrust,AP4_phi030,20,0.15,0.3,,,False,100,,0.19833333333333336,0.01366928195080372,1.0,-0.06156953965769587
D2_CNN,T4_EigenTrust,AP5_phi100_p10,20,0.15,1.0,10,,False,100,,0.7749999999999999,0.04504174060719907,1.0,-0.030404598907578163
D2_CNN,T4_EigenTrust,AP6c_active,20,0.15,,,0.0,True,100,,0.48833333333333334,0.03565392841071409,1.0,-0.032073349321603634
D2_CNN,T5_TFLDT,AP1,20,0.15,,,,False,100,,1.0,0.5840142488442231,0.0,0.673683817092432
D2_CNN,T5_TFLDT,AP4_phi030,20,0.15,0.3,,,False,100,,0.9816666666666667,0.18371106431484283,1.0,0.22218085136138985
D2_CNN,T5_TFLDT,AP5_phi100_p10,20,0.15,1.0,10,,False,100,,1.0,0.5371482336998161,0.003333333333333333,0.6106833257465678
D2_CNN,T5_TFLDT,AP6c_active,20,0.15,,,0.0,True,100,,0.9916666666666667,0.2808850941857307,0.9933333333333334,0.31072855668774135
D3_RHMD,T1_mean,AP1,20,0.15,,,,False,100,,1.0,0.646122724524266,0.0,0.781540442225015
D3_RHMD,T1_mean,AP4_phi030,20,0.15,0.3,,,False,100,,0.8666666666666666,0.2015672130037261,0.9416666666666665,0.3120739675396393
D3_RHMD,T1_mean,AP5_phi100_p10,20,0.15,1.0,10,,False,100,,0.775,0.17122941639125497,0.9866666666666667,0.2888567348746181
D3_RHMD,T1_mean,AP6c_active,20,0.15,,,0.0,True,100,,0.8349999999999999,0.19782443119127144,0.9333333333333335,0.2691536411043043
D3_RHMD,T_max,AP1,20,0.15,,,,False,100,,0.9983333333333334,0.600677692365142,0.0,0.9216839456385932
D3_RHMD,T_max,AP4_phi030,20,0.15,0.3,,,False,100,,0.9883333333333334,0.5220938744770867,0.01,0.7278930505520195
D3_RHMD,T_max,AP5_phi100_p10,20,0.15,1.0,10,,False,100,,0.5326666666666667,0.17125932301085683,0.444,0.4082642266737578
D3_RHMD,T_max,AP6c_active,20,0.15,,,0.0,True,100,,0.9883333333333334,0.5774422446900949,0.011666666666666665,0.823421248389501
D3_RHMD,T_meanvar_z,AP1,20,0.15,,,,False,100,,1.0,9.787141778110962,0.0,7.597371890693612
D3_RHMD,T_meanvar_z,AP4_phi030,20,0.15,0.3,,,False,100,,0.9783333333333333,6.835932316420468,0.006666666666666666,3.9361155247796944
D3_RHMD,T_meanvar_z,AP5_phi100_p10,20,0.15,1.0,10,,False,100,,0.7533333333333333,2.4341054665812107,0.02333333333333333,1.3813722805505741
D3_RHMD,T_meanvar_z,AP6c_active,20,0.15,,,0.0,True,100,,0.9866666666666667,13.444511877319885,0.009999999999999998,8.621279864916891
D3_RHMD,T4_EigenTrust,AP1,20,0.15,,,,False,100,,0.7249999999999999,0.04192850026444047,1.0,-0.03414865828407488
D3_RHMD,T4_EigenTrust,AP4_phi030,20,0.15,0.3,,,False,100,,0.16666666666666669,0.011762009334124125,1.0,-0.06320331831360511
D3_RHMD,T4_EigenTrust,AP5_phi100_p10,20,0.15,1.0,10,,False,100,,0.15,0.008840885211168749,1.0,-0.06447925990486117
D3_RHMD,T4_EigenTrust,AP6c_active,20,0.15,,,0.0,True,100,,0.18833333333333332,0.01869523592869281,1.0,-0.047500461869480926
D3_RHMD,T5_TFLDT,AP1,20,0.15,,,,False,100,,1.0,0.44268604352304186,0.0016666666666666666,0.6454061894224222
D3_RHMD,T5_TFLDT,AP4_phi030,20,0.15,0.3,,,False,100,,0.8299999999999998,0.13805470395342465,0.9983333333333334,0.29507192584976194
D3_RHMD,T5_TFLDT,AP5_phi100_p10,20,0.15,1.0,10,,False,100,,0.7413333333333334,0.11704298745720779,1.0,0.27664169392900756
D3_RHMD,T5_TFLDT,AP6c_active,20,0.15,,,0.0,True,100,,0.87,0.15323043042048556,1.0,0.29828827707663463
D4_MTD,T1_mean,AP1,20,0.15,,,,False,100,,1.0,0.8208827698464829,0.0,0.8621430188424987
D4_MTD,T1_mean,AP4_phi030,20,0.15,0.3,,,False,100,,0.985,0.25779090123707443,0.975,0.26818523921398646
D4_MTD,T1_mean,AP5_phi100_p10,20,0.15,1.0,10,,False,100,,1.0,0.7284627035528983,0.0016666666666666666,0.745579802369204
D4_MTD,T1_mean,AP6c_active,20,0.15,,,0.0,True,100,,0.9683333333333333,0.33459115604430173,0.7866666666666667,0.28964305796055945
D4_MTD,T_max,AP1,20,0.15,,,,False,100,,1.0,0.7495045927494192,0.0,0.9818507433759355
D4_MTD,T_max,AP4_phi030,20,0.15,0.3,,,False,100,,0.9916666666666667,0.705550892241104,0.008333333333333333,0.8141473506122484
D4_MTD,T_max,AP5_phi100_p10,20,0.15,1.0,10,,False,100,,0.9983333333333334,0.7150018528842078,0.0016666666666666666,0.8678214442369493
D4_MTD,T_max,AP6c_active,20,0.15,,,0.0,True,100,,0.99,0.7367223406460377,0.009999999999999998,0.9024637482777699
D4_MTD,T_meanvar_z,AP1,20,0.15,,,,False,100,,1.0,12.751960962659295,0.0,10.050290058163885
D4_MTD,T_meanvar_z,AP4_phi030,20,0.15,0.3,,,False,100,,0.9916666666666667,10.630973394405927,0.006666666666666666,7.093683070872849
D4_MTD,T_meanvar_z,AP5_phi100_p10,20,0.15,1.0,10,,False,100,,1.0,11.33365313792646,0.0,8.697963195868331
D4_MTD,T_meanvar_z,AP6c_active,20,0.15,,,0.0,True,100,,0.9883333333333334,15.72802871467581,0.009999999999999998,10.754152152320094
D4_MTD,T4_EigenTrust,AP1,20,0.15,,,,False,100,,0.8616666666666666,0.05022716304496171,1.0,-0.025527164028766768
D4_MTD,T4_EigenTrust,AP4_phi030,20,0.15,0.3,,,False,100,,0.19166666666666668,0.013489886488411722,1.0,-0.061722219343392296
D4_MTD,T4_EigenTrust,AP5_phi100_p10,20,0.15,1.0,10,,False,100,,0.725,0.04188490075015369,1.0,-0.03349087017945808
D4_MTD,T4_EigenTrust,AP6c_active,20,0.15,,,0.0,True,100,,0.4416666666666667,0.03361904990119431,1.0,-0.03435058278596762
D4_MTD,T5_TFLDT,AP1,20,0.15,,,,False,100,,1.0,0.5622297033343788,0.0,0.6740872352275548
D4_MTD,T5_TFLDT,AP4_phi030,20,0.15,0.3,,,False,100,,0.9683333333333333,0.1767370148690243,1.0,0.23702434983875684
D4_MTD,T5_TFLDT,AP5_phi100_p10,20,0.15,1.0,10,,False,100,,1.0,0.49853757930613873,0.005,0.5912208669075509
D4_MTD,T5_TFLDT,AP6c_active,20,0.15,,,0.0,True,100,,0.9816666666666666,0.2593974049746309,1.0,0.3104503476147303
D5_Stochastic,T1_mean,AP1,20,0.15,,,,False,100,,1.0,0.4073869034443492,0.0,0.8226420743347527
D5_Stochastic,T1_mean,AP4_phi030,20,0.15,0.3,,,False,100,,0.5559999999999999,0.12535062343111897,0.9000000000000001,0.5129818984679708
D5_Stochastic,T1_mean,AP5_phi100_p10,20,0.15,1.0,10,,False,100,,0.96,0.25193612179864433,0.285,0.6451091247225073
D5_Stochastic,T1_mean,AP6c_active,20,0.15,,,0.0,True,100,,0.026666666666666665,-0.060792176253676146,1.0,0.2797922220092608
D5_Stochastic,T_max,AP1,20,0.15,,,,False,100,,0.985,0.3317052621035073,0.0,0.9577441866669162
D5_Stochastic,T_max,AP4_phi030,20,0.15,0.3,,,False,100,,0.845,0.27397064835154256,0.026666666666666665,0.7888421153776493
D5_Stochastic,T_max,AP5_phi100_p10,20,0.15,1.0,10,,False,100,,0.7546666666666666,0.23664485569489851,0.028333333333333332,0.7655300289701782
D5_Stochastic,T_max,AP6c_active,20,0.15,,,0.0,True,100,,0.96,0.3137503827925291,0.013333333333333332,0.8649269578978547
D5_Stochastic,T_meanvar_z,AP1,20,0.15,,,,False,100,,0.995,5.809166794071718,0.0,4.649541881999446
D5_Stochastic,T_meanvar_z,AP4_phi030,20,0.15,0.3,,,False,100,,0.7639999999999999,2.7024435047843043,0.026666666666666665,1.6036862851615763
D5_Stochastic,T_meanvar_z,AP5_phi100_p10,20,0.15,1.0,10,,False,100,,0.8833333333333334,3.409719446992064,0.008333333333333333,2.370750172109047
D5_Stochastic,T_meanvar_z,AP6c_active,20,0.15,,,0.0,True,100,,0.9883333333333334,14.533761444276998,0.009999999999999998,9.695124259463487
D5_Stochastic,T4_EigenTrust,AP1,20,0.15,,,,False,100,,0.6833333333333332,0.03989701237803057,1.0,-0.03786456159683925
D5_Stochastic,T4_EigenTrust,AP4_phi030,20,0.15,0.3,,,False,100,,0.15499999999999997,0.011252265203386165,1.0,-0.06445629254164399
D5_Stochastic,T4_EigenTrust,AP5_phi100_p10,20,0.15,1.0,10,,False,100,,0.2916666666666667,0.02145427523109697,1.0,-0.05464767112312575
D5_Stochastic,T4_EigenTrust,AP6c_active,20,0.15,,,0.0,True,100,,0.05833333333333332,0.007478082277238403,1.0,-0.05627466506565892
D5_Stochastic,T5_TFLDT,AP1,20,0.15,,,,False,100,,1.0,0.2794914619533559,0.008333333333333333,0.7463271791297308
D5_Stochastic,T5_TFLDT,AP4_phi030,20,0.15,0.3,,,False,100,,0.5576666666666666,0.08579125850111731,0.9933333333333334,0.5136991602126586
D5_Stochastic,T5_TFLDT,AP5_phi100_p10,20,0.15,1.0,10,,False,100,,0.9283333333333332,0.17226894998977701,0.6506666666666666,0.6131314371407653
D5_Stochastic,T5_TFLDT,AP6c_active,20,0.15,,,0.0,True,100,,0.01833333333333333,-0.04738114692527574,1.0,0.332439674997243
D6_DRL,T1_mean,AP1,20,0.15,,,,False,100,,1.0,0.7891884612150946,0.0,0.8438124344037403
D6_DRL,T1_mean,AP4_phi030,20,0.15,0.3,,,False,100,,0.9733333333333333,0.24754283179344508,0.97,0.2731288086070491
D6_DRL,T1_mean,AP5_phi100_p10,20,0.15,1.0,10,,False,100,,0.9983333333333334,0.4587492679163004,0.19499999999999995,0.48626858452633515
D6_DRL,T1_mean,AP6c_active,20,0.15,,,0.0,True,100,,0.9583333333333333,0.3110387203830675,0.8100000000000002,0.28517346306303926
D6_DRL,T_max,AP1,20,0.15,,,,False,100,,1.0,0.7232570752727534,0.0,0.9725493537007986
D6_DRL,T_max,AP4_phi030,20,0.15,0.3,,,False,100,,0.9916666666666667,0.6713236264900233,0.008333333333333333,0.7930029070155186
D6_DRL,T_max,AP5_phi100_p10,20,0.15,1.0,10,,False,100,,0.9883333333333333,0.47621245403990026,0.02,0.6064340754426583
D6_DRL,T_max,AP6c_active,20,0.15,,,0.0,True,100,,0.99,0.7081981995699439,0.009999999999999998,0.8860362937750326
D6_DRL,T_meanvar_z,AP1,20,0.15,,,,False,100,,1.0,12.247802045238352,0.0,9.575527079079263
D6_DRL,T_meanvar_z,AP4_phi030,20,0.15,0.3,,,False,100,,0.9916666666666667,9.953855234906001,0.006666666666666666,6.368304771282336
D6_DRL,T_meanvar_z,AP5_phi100_p10,20,0.15,1.0,10,,False,100,,0.9966666666666667,7.132468709627194,0.0,5.257129825970762
D6_DRL,T_meanvar_z,AP6c_active,20,0.15,,,0.0,True,100,,0.9883333333333334,15.299246196696497,0.009999999999999998,10.270847162975464
D6_DRL,T4_EigenTrust,AP1,20,0.15,,,,False,100,,0.835,0.04857969825559772,1.0,-0.027197396644059898
D6_DRL,T4_EigenTrust,AP4_phi030,20,0.15,0.3,,,False,100,,0.18833333333333335,0.013162451915671227,1.0,-0.06197726864158258
D6_DRL,T4_EigenTrust,AP5_phi100_p10,20,0.15,1.0,10,,False,100,,0.3283333333333333,0.02295127455512575,1.0,-0.051254139553340815
D6_DRL,T4_EigenTrust,AP6c_active,20,0.15,,,0.0,True,100,,0.36666666666666664,0.03059692785031076,1.0,-0.037254716602181805
D6_DRL,T5_TFLDT,AP1,20,0.15,,,,False,100,,1.0,0.5405637123596395,0.0,0.6663395462813684
D6_DRL,T5_TFLDT,AP4_phi030,20,0.15,0.3,,,False,100,,0.9566666666666667,0.16968707996191504,1.0,0.24479381205816572
D6_DRL,T5_TFLDT,AP5_phi100_p10,20,0.15,1.0,10,,False,100,,0.9966666666666667,0.3139110328561877,0.7933333333333334,0.40336417161495197
D6_DRL,T5_TFLDT,AP6c_active,20,0.15,,,0.0,True,100,,0.9749999999999999,0.24111089769358188,1.0,0.307271748070848
